token_address,from_address,to_address,value,transaction_hash,log_index,block_number
0xd26114cd6ee289accf82350c8d8487fedb8a0c07,0x4c69db6b28acb2acee7ef334abfe6af5e0944e68,0xfbb1b73c4f0bda4f67dca266ce6ef42f520fbb98,760000000000000000000,0x1f51f0bfaa988e14665dbb1d564821111ad2dc4784cd879c5058b5e8e5eaf491,1,6000000
0x9992ec3cf6a55b00978cddf2b27bc6882d88d1ec,0xfbb1b73c4f0bda4f67dca266ce6ef42f520fbb98,0xaa09e495885d58520effd15d16eecc8145cb922b,236580809800000000000,0x33a366a02a770004f941f445f84780ab85ae310f2377edd25fc9c4e579f3635b,3,6000000
0x99ea4db9ee77acd40b119bd1dc4e33e1c070b80d,0x5c985e89dde482efe97ea9f1950ad149eb73829b,0x3984df092065c520dfddba0994b1cbb5ddfab81c,5658640000000000000000,0xb05a9812db7c5c298b78fb7d2a921cb7742eda8a4925d00e1d0c3a3158ae50c5,6,6000000
0x809826cceab68c387726af962713b64cb5cb3cca,0x3f5ce5fbfe3e9af3971dd833d26ba9b5c936f0be,0x5bd9b682f24da3a4f23bf66423a1763f6098cbaf,1494400000000000000000,0xcce8ae3535d01fcea4bb9c16421bc23583b4a97e2d42d0a2ee086bfda5e1c2d6,7,6000000
0x809826cceab68c387726af962713b64cb5cb3cca,0x564286362092d8e7936f0549571a803b203aaced,0xf910ae9e1f1fef7dc72456ed2bb4c80983bd2783,65235810000000000000000,0x1547120bbc2092524c49441f824d0d6cf32393ca249ec31b68acc75d42da3382,8,6000000
0x06012c8cf97bead5deae237070f9587f8e7a266d,0x0000000000000000000000000000000000000000,0x7891f796a5d43466fc29f102069092aef497a290,851836,0xa8f2cf69e302da6c8100b80298ed77c37b6e75eed1177ca22acd5772c9fb9876,10,6000000
0xb7cb1c96db6b22b0d3d9536e0108d062bd488f74,0x32e567e8b527d3194c60ea3c6a5c009d58a0b36d,0x1ae5d5903acb0cecad760c8702f4f05d34650e81,157086034150000000000,0xc9e5e4d68474ea707d2cc1f298f3a5495bc94fc9442e11919aab7a1d75b35835,11,6000000
0x1985365e9f78359a9b6ad760e32412f4a445e862,0x40120b5a5994f7e3afe3c0a3dc56d1ccb0b75262,0x3f5ce5fbfe3e9af3971dd833d26ba9b5c936f0be,654464035490000000000,0x7161b3358e2abad95089905f39e7075513efefae00244d3f376292a87f39e95e,24,6000000
0xdf2c7238198ad8b389666574f2d8bc411a4b7428,0xf74d556cbb95b7bccdad8284bc68110c74c91e7b,0x3f5ce5fbfe3e9af3971dd833d26ba9b5c936f0be,123322039451931073576960,0xe453348bfddf49357c098730bb060ae2d05af1fcefe54393489f80bd02a6e021,26,6000000
0xb7cb1c96db6b22b0d3d9536e0108d062bd488f74,0x96016c56f2f46de0aa20635c32c5959a8f4e3880,0x3f5ce5fbfe3e9af3971dd833d26ba9b5c936f0be,668280549990000000000,0xecff250a3deaa6f1022f9bb2c596f7e94afe9e9fc28f5f4b736db2eb9d93b92f,27,6000000
0xb7cb1c96db6b22b0d3d9536e0108d062bd488f74,0x1ae5d5903acb0cecad760c8702f4f05d34650e81,0x3f5ce5fbfe3e9af3971dd833d26ba9b5c936f0be,353644714000000000000,0xdae6e7e0cf6c411946e1bc5fddfcb4d206863b0385163b8e5f983c8616aeedc8,28,6000000
0x957c30ab0426e0c93cd8241e2c60392d08c6ac8e,0x75d12249f9ca6c61a7441bdda58996eb65d9d4d7,0x3f5ce5fbfe3e9af3971dd833d26ba9b5c936f0be,427,0x267eb25ff558d66deb47ededbb3a5db9099727f2703ce4b871d77d9c4dc930b5,29,6000000
0x3883f5e181fccaf8410fa61e12b59bad963fb645,0xcc63cd404a350868cdff82df2f6fe09993677f75,0x3f5ce5fbfe3e9af3971dd833d26ba9b5c936f0be,508909300000000000000,0x586a7e7914231c10a9688285100eb5cbd5481969a959c51703b2082cb22faaf8,30,6000000
0xd0a4b8946cb52f0661273bfbc6fd0e0c75fc6433,0x9649c485759d7141dba05de70252518d52b2c7fa,0x3f5ce5fbfe3e9af3971dd833d26ba9b5c936f0be,13052860000000000000000,0x884ae8e046e8d12a541788f4072e4ad7f0a3c3b806afa0abd67f711ba468c5f4,31,6000000
0x49592d97be49033615a7fbc02c6853e4c58eb9bc,0xb15a16c51126045655fd0ba31c1c33cf3aea406a,0x016a52861f57610aa090b39dd4eb7574174ddce2,2376000000000000000000,0xa2ac2861c0915a3141692150a285634603b5e43c8ff3aef6e866b497a44c522c,32,6000000
0xcb97e65f07da24d46bcdd078ebebd7c6e6e3d750,0x9f27fc92890a31d7b74b787f34b099fd628b51ea,0x46705dfff24256421a05d056c29e81bdc09723b8,5000100000000,0x39591c58d9c72573289387bf9e1fb6d81965a16fbd5e81138f07de5459e0bce1,33,6000000
0xfb5a551374b656c6e39787b1d3a03feab7f3a98e,0xae07ad15176928b0eff73af099b6091a51038730,0x6748f50f686bfbca6fe8ad62b22228b87f31ff2b,1000000000000000000000,0x179721c8676e58345a8407c803b5a592e7eca599169d08e1d7fcba6d031f623c,34,6000000
0x2d0e95bd4795d7ace0da3c0ff7b706a5970eb9d3,0xe6da41ddbbd7b7c899e051f83137e35e7919d464,0x46705dfff24256421a05d056c29e81bdc09723b8,502103244800000000000000,0x889bffb9f1968a462643c8911835f84f1fdf9776b2400fc36169aafeca4ffe34,35,6000000
0x7051620d11042c4335069aaa4f10cd3b4290c681,0x99006250906ef07520735c62956e0cfdd99b741d,0x04963113e06716f2338908e43412ca64c7fc395e,200000000,0xa55b45862b67300ac4dc0300930aedef68e924a24e155b4cc53a2a265f1cf53f,36,6000000
0xe1aee98495365fc179699c1bb3e761fa716bee62,0x2a0c0dbecc7e4d658f48e01e3fa353f44050c208,0x0e959a7b09a10ea4dacfaeb40c40c1d89f32f498,12742230319354791615570,0x2a1e7f34d625cb2538397435eac6461ba4d3c5e707054c32a94305789404dfb7,39,6000000
0xfb5a551374b656c6e39787b1d3a03feab7f3a98e,0xff48520b88777788fb8210165cb95d981c29ead9,0xeee28d484628d41a82d01e21d12e2e78d69920da,1000000000000000000000,0x340fc20f05915b2503ea08fad6d0bc7236fa229185618600a7d71cd90cdb5d61,41,6000000
0xcb97e65f07da24d46bcdd078ebebd7c6e6e3d750,0x4d54f1f5ed6cde29298c29070c2c3bed2ea53925,0x46705dfff24256421a05d056c29e81bdc09723b8,5012826400000,0xa03e2326071621e7fbcedf87949f11612be84edaeaccad605cf1287668ba8296,42,6000000
0x53066cddbc0099eb6c96785d9b3df2aaeede5da3,0x17ef0fa98488cd1c963a0d3fad914fca06f0f1dc,0x5c985e89dde482efe97ea9f1950ad149eb73829b,1000000000000000000000,0xa70ff0263bbe7706f7a25ca63796c0e87d73c54877d29979b05c8a7292a83040,43,6000000
0x91cdb5bb5969bfed2373e97378354052bbc606f2,0x04e4eb6348668683110fa726e350064d445eaac3,0xfd7c3fca882e0746d9d115448817d2a1e210cdd0,55000000000000000000,0xd646270f37063a9a9f41efb5afb3d0dc77c8ae0100e20ab118251d08fc88d7f6,48,6000000
0x7d3bef56d19f4f1e1ef6eec8e8816a2de29d0721,0x1b0aaf0d40d34f4bffb252e2e67be074f7c89146,0x7fdc2453db06fe2a279582ad2c3dd78dede21921,100000000000000000000,0xc764e9479e61e20e4fbb2d25eece3ed5eaad661e3b55e1455722b110b124d9b4,53,6000000
0xea26c4ac16d4a5a106820bc8aee85fd0b7b2b664,0x37f839310852a9631e6f74d25db6a5d13d882bdd,0x1c4b70a3968436b9a0a9cf5205c787eb81bb558c,14937640000000000000000,0xc68b8c3a047088b2adab9a2d453c97f67cba6101e50dbca169ed6aba673d196c,61,6000000
0xa15c7ebe1f07caf6bff097d8a589fb8ac49ae5b3,0xad0a2478ba25816365aa0e32d77aff92b9e34efc,0x0d0707963952f2fba59dd06f2b425ace40b492fe,364595000000000000000000,0x26784c355b769af7690a74e198c0f56598a5cd2e196e5c183f51d3eec2a28e9f,62,6000000
0x48f775efbe4f5ece6e0df2f7b5932df56823b990,0x75e2ecbe0d8b83f4bb30bf8ab0f7e3cfa9271429,0xb32e86a789432bb61517c774e57f3fc0d2aa872b,1,0xd0cfbc24e48fd208dd8b55812b5ec2390bf9dc8f31607e8aa6f5e50c790930be,63,6000000
0x06012c8cf97bead5deae237070f9587f8e7a266d,0x0000000000000000000000000000000000000000,0x9d2ac7c3e17163f104e6abf5374f502b9f1db102,851837,0x7fa569ac010ceac5ac405e4fb5d8d7e050e8362c0d39daf9609b965bd847c7b8,1,6000001
0x0d88ed6e74bbfd96b831231638b66c05571e824f,0x876eabf441b2ee5b5b0554fd502a8e0600950cfa,0xa5163d04d51edd2d11542b4fadca80bc3e8f3860,200000000000000000000,0x5e3e92f6c0b0dcdb19ea2aecc138917e2b2f1109c9d2289718934c1c116d65ec,3,6000001
0x68aa3f232da9bdc2343465545794ef3eea5209bd,0x2984581ece53a4390d1f568673cf693139c97049,0x1b557854cb7663564c18c775457603ba9cc73115,1253948605340000000000,0x5d6ba195a679ff4dcffea1d09a2d18dffcc40c9ba9b47f8a406e8e7bb8708c8e,10,6000001
0xfedae5642668f8636a11987ff386bfd215f942ee,0xfe92b480915589c9c45d6733c358910df711b591,0x9539e0b14021a43cde41d9d45dc34969be9c7cb0,18900000000000000000000,0x29ff5d3a4251f0169fa404b7af6132ebc9ae1613fc7ff3be83b95b2c38b2ac5a,11,6000001
0xb62132e35a6c13ee1ee0f84dc5d40bad8d815206,0x59a5208b32e627891c389ebafc644145224006e8,0xef79e7a7ff9303de5ab29c9ad3cf64444cb93ea6,1370000000000000000000,0x99275b098cfd4b475ea52e31cbd3f105c6731247cbb24c77d32f9703651d0396,12,6000001
0xd7b3669c7d3e38ab5a441383d41f25e003e02148,0x0000000000000000000000000000000000000000,0x285cbf378345a1be92797f88caa6f6b802b4adf6,48149000000000000000000,0xa5275c4f768217709dddcbe10e4cb126d5f02231e1025c75d515bf09199dd495,14,6000001
0x3883f5e181fccaf8410fa61e12b59bad963fb645,0x080f24b1bec4e6b1fe1761ee5c9a2e4cf48f2de4,0xab5c66752a9e8167967685f1450532fb96d5d24f,6282660000000000000000,0x7f09e0b60dce91324141f7e040c2a06b0b05d7e0a4e476e6bf5b77a3a3486c59,16,6000001
0x8713d26637cf49e1b6b4a7ce57106aabc9325343,0xe31bcf5f56d035839fa87f9ee4e3a1b994b316f2,0x46705dfff24256421a05d056c29e81bdc09723b8,102811110000000000000000,0x86c8948e2ac92c808e305074ffb2b2b1f33cc5e27847131e66c7fbca56aaf08f,17,6000001
0xa4ea687a2a7f29cf2dc66b39c68e4411c0d00c49,0x98e74997fdec3166792d3617079176405e1387d0,0x568d6db00d473f869b873b14875532e46f3f119c,5000000000000000000,0xa3e3b28a9a1307731b1bbb88698a4f1974a1f207f9d91a172502df138d418077,33,6000001
0xfe5f141bf94fe84bc28ded0ab966c16b17490657,0x151151ed8d6174f7802baea9c7a4dbdbae569dfd,0x1c4b70a3968436b9a0a9cf5205c787eb81bb558c,25903000000000000000000,0x6bde5c43b2b4016f64da2e77b4a70a65bf2967bbcc90d3e67d0a7dd8907ba880,37,6000001
0xea26c4ac16d4a5a106820bc8aee85fd0b7b2b664,0x4edbc97446dea5606c303bc60b9b056b69161240,0x1c4b70a3968436b9a0a9cf5205c787eb81bb558c,71878640000000000000000,0x0b2d59e1328a533a83486941626e4d97b25ed1122107971bad26cd5b9bee542c,38,6000001
0x6fb3e0a217407efff7ca062d46c26e5d60a14d69,0x4edbc97446dea5606c303bc60b9b056b69161240,0x1c4b70a3968436b9a0a9cf5205c787eb81bb558c,184808300000000000000000,0x81f0152a1805aac225bf745746758922870a6f1a33a6503598037aa9aa2b756a,39,6000001
0x69c4bb240cf05d51eeab6985bab35527d04a8c64,0xc4737bcb81c1468d97a2bc8aa33d127eb91f5bff,0x6bdf517412afb3da1902676ffb3692773053e9d0,19448510000,0xdf0130bbd8567762920ff1440e10f6eb2ff87210e58de7cf1d31c42cac017232,41,6000001
0xcdf3be99c296828301847025b547faa0c3deb04e,0xb35a81be06446c24d5104b14e08400317bbf17f5,0x73ea96b532c5ef48c53ebb181b524b6deceaf199,100000000,0xb385126244219b0a4946688e8c7a7e458a1bf6e68e9502fc643779b07592c52c,44,6000001
0x9596c13904d4edd77f27bfbbf8de5b64664ed893,0x2f5b10e8fe902295c9f88e60bff2e566a1f5eacf,0xf6b392b13cb9bf528ea44065812e5e6eb97d7227,5000000000000000000000,0x381862670dc6c22e9f47c01ad2d8eaa08a4bfb3b70d7b524945fe5af99becc18,46,6000001
0xf5b0a3efb8e8e4c201e2a935f110eaaf3ffecb8d,0x45969056002faf220e505bcd39fee1d1a7c8ab15,0x377df8aef956b9e47f8acb09f6e80196f37d148d,3241,0x03a717362da048252a16189736243e58b41361cba0e1a3d6b83e28f03362a8c5,48,6000001
0xb9a824e6dc289c57fac91c16c77e37666cce20e5,0x0000000000000000000000000000000000000000,0xbfa8307ffaadea639d49ffdc50188eeebcdefdd8,203656629780548,0x8d7a206b3650092288ff099cda2c35e66aece9fb1cd9617e723f3b53849787ba,71,6000001
0xb9a824e6dc289c57fac91c16c77e37666cce20e5,0xbfa8307ffaadea639d49ffdc50188eeebcdefdd8,0x0000000000000000000000000000000000000000,203656629780548,0x8d7a206b3650092288ff099cda2c35e66aece9fb1cd9617e723f3b53849787ba,73,6000001
0xa3d58c4e56fedcae3a7c43a725aee9a71f0ece4e,0x686e5ac50d9236a9b7406791256e47feddb26aba,0xbfa8307ffaadea639d49ffdc50188eeebcdefdd8,27579306307741776374,0x8d7a206b3650092288ff099cda2c35e66aece9fb1cd9617e723f3b53849787ba,74,6000001
0x71d01db8d6a2fbea7f8d434599c237980c234e4c,0x04ab96c0c58ba42428c752f7d49d930df1e1a4b9,0x39a454668996cc2a6082cad2aece145333c0d7c0,10898929470,0x80bc64f6531ca523f676aac1d5db57d99e6fe7fcbd1e9afc2b20c27a2c8fc23c,76,6000001
0xe9184c970bcfbb05d8a38762d073320e622a3e28,0x5f7b1fbb0b04cdcd6b3ea32978d1484ead225beb,0x62e1aa1df1ac4a2dba693fa568ea5b7ff5d8c840,10000000000000000000,0x1dc0ae550ffe4b804a1c05465391ec06f76fd4608604cc249e09e82a115de78e,77,6000001
0x6810e776880c02933d47db1b9fc05908e5386b96,0xfbb1b73c4f0bda4f67dca266ce6ef42f520fbb98,0x7520d6e12d54a4d3d9f686fc1379199c0065f43e,55209559700000000000,0xcf9487d4f49ba99c2b51858a03a9f13305fded0763ff2f70af5bf8dcb76cc2e8,12,6000002
0xd850942ef8811f2a866692a623011bde52a462c1,0xf4f0d253bdd976a801e70501cad943f5a64b98d7,0x0cf3f542ae41d61b226b5af16e0f301a0170551e,540656000000000000000,0x6e1d25262e38ac7cc4fe780074ddf68998459754eb6a81f931f048233e7a151b,13,6000002
0xb07ec2c28834b889b1ce527ca0f19364cd38935c,0xd3b01c2781c7ff316428ff1f29cf43112a00038c,0xb9ee1e551f538a464e8f8c41e9904498505b49b0,1892009857391830000000000,0x043bb9e3b993a4c00e6c8fad4aa76cb6aae3aa4a25128137e1b2d0a392829b9c,14,6000002
0xd850942ef8811f2a866692a623011bde52a462c1,0xffcb296376d7e3750310982688dbd4a8db037927,0x54417770a4156d026802783894800e1e708b6b39,1000000000000000000000,0xef66447d40ba775cc893fec7b2dd96d07a57461fb07e85101e5bb24cf69a2fee,17,6000002
0x79506c45c2d362c658a80111d5b32ff31a5ea3fc,0xf64ae22171295e756c6e0ad1f96b0b5af655aba7,0x7cacb5585f4df46b1fed7dce3853729c394610e4,300000000000000000000,0xe97d9b3a56b99e54e16d332d65b6e80fa0abedd175d5f94274f8d45e8e1393b7,33,6000002
0x08f5a9235b08173b7569f83645d2c7fb55e8ccd8,0xddfff2b78463ab1ca781e853bb888fdfd06083d3,0x7b34ddbd0134aa671797c44c9e170eb1d7abec30,150000000000,0x077f3538cc9618bc3297ce0e6d6c20a169776dd1165e8a663a927cd3e75720bc,35,6000002
0x7051620d11042c4335069aaa4f10cd3b4290c681,0x99006250906ef07520735c62956e0cfdd99b741d,0x80bd82c48fe2e72e7d396a58269a36d4ec437067,200000000,0x4c58f5e4cc84a480f7f11c46ccfe1ff7a26de21b3385dd013bca87a5c29a5415,36,6000002
0xfb5a551374b656c6e39787b1d3a03feab7f3a98e,0x7592633d19bf78a2234bda24a2632e2612677d4b,0x5c985e89dde482efe97ea9f1950ad149eb73829b,1000000000000000000000,0xbb2c0b7c4992d0052ae43dca688c9a0d65cbbb28b6ceae9ad096ac1fd778d4ec,37,6000002
0xd7732e3783b0047aa251928960063f863ad022d8,0x911dcb5bc32b29577a9dc5adc98728747c4f7d14,0xe269e891a2ec8585a378882ffa531141205e92e9,129438560000000000000000,0xb275f40e9cd3868b165a207326ef505d2c16eecbd63c50853dad33695aba1e88,57,6000002
0xc02aaa39b223fe8d0a0e5c4f27ead9083c756cc2,0xe269e891a2ec8585a378882ffa531141205e92e9,0x911dcb5bc32b29577a9dc5adc98728747c4f7d14,4784748675708800000,0xb275f40e9cd3868b165a207326ef505d2c16eecbd63c50853dad33695aba1e88,58,6000002
0xc02aaa39b223fe8d0a0e5c4f27ead9083c756cc2,0x034a8a310c50855e2877ef10ef812f4de8e5ccaa,0xe269e891a2ec8585a378882ffa531141205e92e9,4798882306691200000,0xb275f40e9cd3868b165a207326ef505d2c16eecbd63c50853dad33695aba1e88,60,6000002
0xd7732e3783b0047aa251928960063f863ad022d8,0xe269e891a2ec8585a378882ffa531141205e92e9,0x034a8a310c50855e2877ef10ef812f4de8e5ccaa,129438560000000000000000,0xb275f40e9cd3868b165a207326ef505d2c16eecbd63c50853dad33695aba1e88,61,6000002
0x45245bc59219eeaaf6cd3f382e078a461ff9de7b,0xc7170b2365029beae2deaf611921259fd53f5816,0xd443a8ba229eb2bbae99720f8bb427ff23627376,340596773186353463318,0xa700bced43c86df7f97a090dfbbde41d149ee330218b152d5fe12944df36c9f3,63,6000002
0xe99ddae9181957e91b457e4c79a1b577e55a5742,0x762b08fcb9f7d933b4f9b9a276a7cb77c199e27a,0x915d7915f2b469bb654a7d903a5d4417cb8ea7df,60000000000,0x13899442ce5ff87874ec955e960f63514bf9e034e82c86d222e01fe00927ccd5,64,6000002
0x6fb3e0a217407efff7ca062d46c26e5d60a14d69,0xad0a2478ba25816365aa0e32d77aff92b9e34efc,0x1c4b70a3968436b9a0a9cf5205c787eb81bb558c,73403300000000000000000,0x6687956cfd1f596bddb18b247b4768d306bd446b77c61b2b9ce11273defdd282,65,6000002
0x3a358e34c7774a8cd7c916a594454701f27f380e,0xdbfff1345a6e2995a30270c57c6abbfa7ccdf2ec,0xf16aabf8026ddc08cb6618007e92e98103b58541,20000000000000000000,0xce7ae89ff9a80038c7b444ea9aef9d9d2cf84bd631d7832ac1c6fda2fc52109a,81,6000002
0xe5f166c0d8872b68790061317bb6cca04582c912,0x6f87c073c3c59a0e9d70209d977d556b0a5c9c3f,0xfc5a0993c65d7464f4d83452984613848ea14f2c,1205843745713687351984,0xd6e18c8ab45b0987841055633ffb3729d3878d44d2130205db94b3cab6bfef59,3,6000003
0x38c6a68304cdefb9bec48bbfaaba5c5b47818bb2,0xaf96c46ef724ad0f5d2bf3cc332967401c9160de,0x7fe704a4f824402a2fb98aa06069a69652665a78,500962109000000000000,0xe79b2187ea48118b8d17b7ade049c375a96e7f2c4642033f2c186173423f3543,4,6000003
0x4bbbc57af270138ef2ff2c50dbfad684e9e0e604,0xcb5889356c39fba992ea9d0f6d5ce9b0626a57f2,0x833b879d7099d2447a339dad8015562f13fa021f,10000000000000000000000,0x0faf042edba65673c9bf4f905b0195c24989a8f4773500d9e36a290b9d8326e6,5,6000003
0x8d5682941ce456900b12d47ac06a88b47c764ce1,0x3a723e58c4808dde4591543282adc7d6b378715b,0x2922b6ed97b9b312fef8d2f39c3a0627c1ad1782,10725000000000000000000,0x844bc848b888b67c6687a6992d009123955497fe206b35a91484933ab45d6e27,6,6000003
0xafbec4d65bc7b116d85107fd05d912491029bf46,0x478d863da7768a45c0f0bd8ac3fb25df3ba9903f,0x481107c20a42a13113fc83284b159ab6885e64a8,199500000000000000000,0xd3b92eb60a5d285bd39b7aec5aed8cc87e9105ddfc6ca6f8bd85af8903064a2a,12,6000003
0x49592d97be49033615a7fbc02c6853e4c58eb9bc,0xb15a16c51126045655fd0ba31c1c33cf3aea406a,0x34c11bbea3fd0265075b93afda9d1becf0ce174b,113850000000000005767168,0xf1f65bcb917b2075e31591e21365ba97c534749fcb8ca4d39291852ca239b66e,13,6000003
0xfb5a551374b656c6e39787b1d3a03feab7f3a98e,0xaad029f16f17b9a65c02b742daa28c29512979ff,0xfa4b5be3f2f84f56703c42eb22142744e95a2c58,1000000000000000000000,0x3f717072e40b62a7a2547d2b65bc5ee57736c0e215ee1de410f1d1d7ac123535,14,6000003
0xfb5a551374b656c6e39787b1d3a03feab7f3a98e,0x95579a5febe1b57a5e493fed9765d8c35ca23d48,0x5c985e89dde482efe97ea9f1950ad149eb73829b,1000000000000000000000,0xe82ae262d8221a51c6675456581e7899d0717d74db43de199fb3373a393a2cbe,15,6000003
0x7fdcd2a1e52f10c28cb7732f46393e297ecadda1,0x0000000000000000000000000000000000000000,0x7fdcd2a1e52f10c28cb7732f46393e297ecadda1,13984,0xd3303b4aee58a41a20aa53de0908d83eb069fd61735206f2990901427dbe4af0,22,6000003
0x7fdcd2a1e52f10c28cb7732f46393e297ecadda1,0x7fdcd2a1e52f10c28cb7732f46393e297ecadda1,0x67a5de922c1f4d1a4dbd848466b86b5455fb6a3b,13984,0xd3303b4aee58a41a20aa53de0908d83eb069fd61735206f2990901427dbe4af0,23,6000003
0xa4ea687a2a7f29cf2dc66b39c68e4411c0d00c49,0x98e74997fdec3166792d3617079176405e1387d0,0xa737806d723be95b87fad705cd8dc52f2a373aa8,5000000000000000000,0xfd4900bba9919778cce5c651503e857b9e17c8e5e4a225e76987fa7fd76aed43,25,6000003
0x100626e85343301555a4c46934171ae1c6471abb,0xcdc88395ceaad12515c520d5eadc8c7d6e6cdb7f,0x7943e846219dc166d6a6154c05747102c2ed4758,99999,0xe061c75f6ce50a233835788c99ed16266ccdf9556491f5a6259798965faf74e7,26,6000003
0xd99b8a7fa48e25cce83b81812220a3e03bf64e5f,0xd3e6304471435186701b7b0889e3e253016d130e,0x1c4b70a3968436b9a0a9cf5205c787eb81bb558c,510959999999990000000000,0x9eabad07feafe3369e9acb0d4d0c877963cfd57109567158442cf44a10756a14,28,6000003
0xd99b8a7fa48e25cce83b81812220a3e03bf64e5f,0x4cec5f79adcdd7cc685203f2f1e76352d299b293,0x1c4b70a3968436b9a0a9cf5205c787eb81bb558c,230973680298940000000000,0xf8dcd2cea76b0a8a5c6c6301459c00a490eaaca525247bd9c6dd1411aca21298,29,6000003
0xd99b8a7fa48e25cce83b81812220a3e03bf64e5f,0xffc6e5487072dadc4d0f0c8ad53c4eb3e2a3d58a,0x1c4b70a3968436b9a0a9cf5205c787eb81bb558c,23936399999990000000000,0x595838f2814766068778d01ba408093d99976edcaa966a128d94f42c9ce6f1ee,30,6000003
0xd99b8a7fa48e25cce83b81812220a3e03bf64e5f,0xd81a6db64e441e2461aac4cf6bc3e13e2cbbfc2a,0x1c4b70a3968436b9a0a9cf5205c787eb81bb558c,13599329999990000000000,0x40898aa1c1780ec9a2210fbad590e30dea1eb2fe3305734462df9bb3bc1dbfa2,31,6000003
0xd99b8a7fa48e25cce83b81812220a3e03bf64e5f,0xfb3e919b46678d54c24e6956e149a5a151ddc45a,0x1c4b70a3968436b9a0a9cf5205c787eb81bb558c,775671587999990000000000,0x74dd5aeef84048b0055fc1905c5f93743555bf92bbd82bb13fc3d40fed87332f,32,6000003
0xc02aaa39b223fe8d0a0e5c4f27ead9083c756cc2,0x448a5065aebb8e423f0896e6c5d525c040f59af3,0xa24f2e6dcbd2da9a220958401dab74b365bd34e1,415480232808076543,0x81c7f2b1058da3532ecab9cd3a8ab1fcad5e8965c00edce3c71a8709366312c3,35,6000003
0xd0a4b8946cb52f0661273bfbc6fd0e0c75fc6433,0x86975527aed0adfe33cd903f398604e875aef794,0xcb88157b44c097a72736c860efabe25cf4cb7139,250000000000000000,0x7e14e8eb78772dd7d64eb3e080c63b6c5ed0e592b72df359f7fd6ee39062ec29,41,6000003
0x6aeb95f06cda84ca345c2de0f3b7f96923a44f4c,0xb6c3e6a645f105efae04d3332d3af259868e8e83,0x3fcdd2ab3dfb4810f801317f541a01ca159f9e4f,30000000000000,0x44880f32803e8a9d66cf6c49d13cf649c772f74acb704732ca5586e6207687af,49,6000003
0xa645264c5603e96c3b0b078cdab68733794b0a71,0x49f9430852a5adcfc07f5ffa428a09942d6a2c2d,0x077725d623d49c6f3c9f63a6d7013f884f0fc9d8,41066451269,0xc9ee1053145f586b1015442e74399d7917cc9e259ec656b8a4a4b398044f59ed,51,6000003
0x06a6a7af298129e3a2ab396c9c06f91d3c54aba8,0xa9513815b3ba8247f573acdcbf21142160aeea64,0x4b268ca64635eedf084bc63f7a771eddfe183829,159,0x6a5e35b4a78f9d29fca82e788db7c7bb476cd1ab15a86135f21c1d072270662b,52,6000003
0x5732046a883704404f284ce41ffadd5b007fd668,0xd7632231b52663c809cb46bc2d5f20e1fdddf9c1,0x87cf98f911dc6048f4be262e710205d85ac642ca,10000000000000000000,0x1324a84363271fea8c4689d9d067465ec49d8251da491144db205f9d2e513f67,53,6000003
0x06012c8cf97bead5deae237070f9587f8e7a266d,0xb1690c08e213a35ed9bab7b318de14420fb57d8c,0xc9a3a9a083a54cf124d8778df29e75b0b6dea159,807523,0xb81146ccfa12bf24bac2709e925597841ae9843418a7afaee39421be140d7c1c,64,6000003
0x3685ee91777e3ed4ba4122c429c504df833c3b26,0xf30750d210abd32cb1bbc4ee40c53ad995cf71ca,0x42e87bf121368012cd4f47d32a689baea9e7df4c,61000000000,0x414d19464b8892652ff41ca664f617a95c6d9a15705fde5e859c3a85e5d9bcdd,72,6000003
0xc56b13ebbcffa67cfb7979b900b736b3fb480d78,0x0a5fd1e5e01b4207b8ac2da957908c10fecf822d,0x379e97cf329616857a48c9004fa2fdacfbd01093,196000000000,0xf2dec5d44f74424f4be8ce0381b12c851bba5c7f129bf3d3ce32ca68e4131a90,75,6000003
0xde8893346ce8052a02606b62d13b142648e062dd,0x8d6ff8d1ee7da15bcc4e55cf17de592b568329fb,0xa1930bf2c9c546f0370c9a018a4343f82f140e0b,20000000000000000000,0x3ccf3175842dd286d146dfbf617860dfa0544140d000a061dc4d92b97dd683aa,2,6000004
0x419d0d8bdd9af5e606ae2232ed285aff190e711b,0xfbb1b73c4f0bda4f67dca266ce6ef42f520fbb98,0x52c3e7c7b61b6b6a9382a75572f52d42890d4415,10000100000000,0x7cd9ecd4d811cf248da548048310f76db746335c4b30a469b7af479e891efc0a,0,6000005
0xfbd0d1c77b501796a35d86cf91d65d9778eee695,0x7c8e722f220dd54c115d84eb872c4adefa8c8474,0xbd3ba226ed20d33338b9bec916e7fc3549afcc9f,4500000,0xc82384508ec085b20ce465e98f09ab5662201f541972f75cdb0887b73d3ef08d,2,6000005
0xaa7a9ca87d3694b5755f213b5d04094b8d0f0a6f,0x98f5e3dbf8022d79a05c68bd33c768a0e59235c6,0x2e57b3de35fef4cbf1e2a60e2da8be2e35e6e596,17866822538105882662965,0x0d014fc5ef90e3bd2c4665e90a82f7ceb72f31215621faec248870bda23111dc,3,6000005
0x6175f6f85339f1e56affac5a68cbf8297969004d,0x56cd355227acd92b2f406703030d377fe4d20755,0x89c046c25c58e4d91cf34d3f34fea53f7ec926f5,376020937500000,0x158070ee2e9307cbd6141b0600a6a1aec7fa1dcdde444d58c7f15343cc8046d4,8,6000005
0xfb5a551374b656c6e39787b1d3a03feab7f3a98e,0x23fa6e415ee953a074ebb37bc27b9c8d1b939432,0xab5c66752a9e8167967685f1450532fb96d5d24f,1000000000000000000000,0xb94bd9360c40e6f1d21f014aec7829aa4370ee0d9794eefb1617acb706bf0651,17,6000005
0xfb5a551374b656c6e39787b1d3a03feab7f3a98e,0x6eb09dafe7d628d96dbab9b60056e1c0078d300f,0x6748f50f686bfbca6fe8ad62b22228b87f31ff2b,1000000000000000000000,0x4f3fe744b53a60a41de5a20a58af34c2d9b474b55d75374e1cd35eaf474029d4,18,6000005
0x63f584fa56e60e4d0fe8802b27c7e6e3b33e007f,0xb0ce733bedc29aa664439c9651f3750b922c6aaa,0xe93381fb4c4f14bda253907b18fad305d799241a,500000000000000000000000,0xf7310c53b57fc88ee8f79be17ed19c71f1fd56d5f82de6887f572bd738797540,19,6000005
