log_index,transaction_hash,transaction_index,block_hash,block_number,address,data,topics
0,0xea55aae509250286c601c22b5b6090f5c985b1d11d3cdc6ea00b919bc4641ad2,4,0xbe847be2bceb74e660daf96b3f0669d58f59dc9101715689a00ef864a5408f43,6000000,0xa3c1e324ca1ce40db73ed6026c4a177f099b5770,0x0000000000000000000000000000000000000000000000000154cc7ad435e000,"0xa64da754fccf55aa65a1f0128a648633fade3884b236e879ee9f64c78df5d5d7,0x00000000000000000000000088518ddba475934f1c35e4c03a126c851cd4b566,0x000000000000000000000000fbb1b73c4f0bda4f67dca266ce6ef42f520fbb98,0x0000000000000000000000000000000000000000000000000000000000000000"
1,0x1f51f0bfaa988e14665dbb1d564821111ad2dc4784cd879c5058b5e8e5eaf491,5,0xbe847be2bceb74e660daf96b3f0669d58f59dc9101715689a00ef864a5408f43,6000000,0xd26114cd6ee289accf82350c8d8487fedb8a0c07,0x000000000000000000000000000000000000000000000029331e6558f0e00000,"0xddf252ad1be2c89b69c2b068fc378daa952ba7f163c4a11628f55a4df523b3ef,0x0000000000000000000000004c69db6b28acb2acee7ef334abfe6af5e0944e68,0x000000000000000000000000fbb1b73c4f0bda4f67dca266ce6ef42f520fbb98"
2,0x1f51f0bfaa988e14665dbb1d564821111ad2dc4784cd879c5058b5e8e5eaf491,5,0xbe847be2bceb74e660daf96b3f0669d58f59dc9101715689a00ef864a5408f43,6000000,0xa3c1e324ca1ce40db73ed6026c4a177f099b5770,0x000000000000000000000000000000000000000000000029331e6558f0e00000,"0xa64da754fccf55aa65a1f0128a648633fade3884b236e879ee9f64c78df5d5d7,0x0000000000000000000000004c69db6b28acb2acee7ef334abfe6af5e0944e68,0x000000000000000000000000fbb1b73c4f0bda4f67dca266ce6ef42f520fbb98,0x000000000000000000000000d26114cd6ee289accf82350c8d8487fedb8a0c07"
3,0x33a366a02a770004f941f445f84780ab85ae310f2377edd25fc9c4e579f3635b,6,0xbe847be2bceb74e660daf96b3f0669d58f59dc9101715689a00ef864a5408f43,6000000,0x9992ec3cf6a55b00978cddf2b27bc6882d88d1ec,0x00000000000000000000000000000000000000000000000cd337e10de340d000,"0xddf252ad1be2c89b69c2b068fc378daa952ba7f163c4a11628f55a4df523b3ef,0x000000000000000000000000fbb1b73c4f0bda4f67dca266ce6ef42f520fbb98,0x000000000000000000000000aa09e495885d58520effd15d16eecc8145cb922b"
4,0x4c5db229e08cfcc54521cc05b01e9006ca913eafb89fd0c0689de2836f454647,7,0xbe847be2bceb74e660daf96b3f0669d58f59dc9101715689a00ef864a5408f43,6000000,0xe94b04a0fed112f3664e45adb2b8915693dd5ff3,0x000000000000000000000000fbb1b73c4f0bda4f67dca266ce6ef42f520fbb98,0x23919512b2162ddc59b67a65e3b03c419d4105366f7d4a632f5d3c3bee9b1cff
5,0xec3ffa26262809c6d0abd1348cc5420d80f94ef626f09a9bf4b5168fd55f5b88,8,0xbe847be2bceb74e660daf96b3f0669d58f59dc9101715689a00ef864a5408f43,6000000,0xe94b04a0fed112f3664e45adb2b8915693dd5ff3,0x000000000000000000000000fbb1b73c4f0bda4f67dca266ce6ef42f520fbb98,0x23919512b2162ddc59b67a65e3b03c419d4105366f7d4a632f5d3c3bee9b1cff
6,0xb05a9812db7c5c298b78fb7d2a921cb7742eda8a4925d00e1d0c3a3158ae50c5,10,0xbe847be2bceb74e660daf96b3f0669d58f59dc9101715689a00ef864a5408f43,6000000,0x99ea4db9ee77acd40b119bd1dc4e33e1c070b80d,0x000000000000000000000000000000000000000000000132c167bb3d88680000,"0xddf252ad1be2c89b69c2b068fc378daa952ba7f163c4a11628f55a4df523b3ef,0x0000000000000000000000005c985e89dde482efe97ea9f1950ad149eb73829b,0x0000000000000000000000003984df092065c520dfddba0994b1cbb5ddfab81c"
64,0x059cccd28ebf0ee5ff66121b4c7ed9b4dd86babcd34d14f274060c7e12c1bd1b,100,0xa618c3ac198431ead17dd143f3fab8a73da6a3c506764dff84108bd06f72eb82,6000001,0x4c7b8591c50f4ad308d07d6294f2945e074420f5,0x00000000000000000000000000000000000000000000000000000000000000210000000000000000000000000000000000000000000000002635378e3227bab70000000000000000000000000000000000000000000000000000000000000002,0x3d5ef7f1526b591957095eba8ced14554e32e3401d04857a5899339b4449846e
65,0x059cccd28ebf0ee5ff66121b4c7ed9b4dd86babcd34d14f274060c7e12c1bd1b,100,0xa618c3ac198431ead17dd143f3fab8a73da6a3c506764dff84108bd06f72eb82,6000001,0xf9ba0955b0509ac6138908ccc50d5bd296e48d7d,0x0000000000000000000000000000000000000000000000000000000000000001000000000000000000000000000000000000000000000000007cc91f9538ee1f,0x74b1d2f771e0eff1b2c36c38499febdbea80fe4013bdace4fc4b653322c2895c
66,0x059cccd28ebf0ee5ff66121b4c7ed9b4dd86babcd34d14f274060c7e12c1bd1b,100,0xa618c3ac198431ead17dd143f3fab8a73da6a3c506764dff84108bd06f72eb82,6000001,0xa62142888aba8370742be823c1782d17a0389da1,0x000000000000000000000000000000000000000148116669587c0f983d44044c000000000000000000001aba4714957d300d0e549208b31adb100000000018c20000000000000000000000000000000000000000000000000000000000000000000000000000000000000000bb546cb03a98cdfb086966785ac27d37c4580d3800000000000000000000000000000000000000000000000030be90564a3d04550000000000000000000000000000000000000000000000361c3414818be71f2a000000000000000000000000000000000000000000000000000000000000000000000000000000000000000000000000000000000000000000000000000000000000000000000000000000000000000000000000000000000000000000000000000000000000000000000000000000000000000000000000000000000000000000000000000000000000000000000000000000000000000004dfdb3bd4394d3b00000000000000000000000000000000000000000000000014f5c84e10507c7400000000000000000000000000000000000000000000000014f5c84e108fff4f0000000000000000000000000000000000000000000000000f82f292942af8d3,0x500e72a0e114930aebdbcb371ccdbf43922c49f979794b5de4257ff7e310c746
67,0x14c9f12b47bf96d3bfdea39531a6a96ca2907694b800030470095c71c6abbf32,101,0xa618c3ac198431ead17dd143f3fab8a73da6a3c506764dff84108bd06f72eb82,6000001,0xb3775fb83f7d12a36e0475abdd1fca35c091efbe,0x0000000000000000000000000000000000000000000000008ac7230489e8000000000000000000000000000000000000000000000000001e7b31905082388045,"0x022c0d992e4d873a3748436d960d5140c1f9721cf73f7ca5ec679d3d9f4fe2d5,0x00000000000000000000000076d50ec51b17949e0a5863d4c803dd3fe86ed165,0x0000000000000000000000000000000000000000000000000000000000000000"
68,0x63f2b40fac4b658c361a39670b34214514bf4a29b265ba21b299b85c046d91b9,104,0xa618c3ac198431ead17dd143f3fab8a73da6a3c506764dff84108bd06f72eb82,6000001,0xb3775fb83f7d12a36e0475abdd1fca35c091efbe,0x00000000000000000000000000000000000000000000000000716bab602515ce00000000000000000000000000000000000000000000000018e84821c5e0105b,"0x022c0d992e4d873a3748436d960d5140c1f9721cf73f7ca5ec679d3d9f4fe2d5,0x000000000000000000000000806d21265689a71cbe8c4afe3164f5bd0691f1c4,0x0000000000000000000000000000000000000000000000000000000000000000"
69,0x63f2b40fac4b658c361a39670b34214514bf4a29b265ba21b299b85c046d91b9,104,0xa618c3ac198431ead17dd143f3fab8a73da6a3c506764dff84108bd06f72eb82,6000001,0xb3775fb83f7d12a36e0475abdd1fca35c091efbe,0x00000000000000000000000000000000000000000000000000716bab602515ce00000000000000000000000000000000000000000000000018e84821c5e0105b,"0xbe339fc14b041c2b0e0f3dd2cd325d0c3668b78378001e53160eab3615326458,0x000000000000000000000000806d21265689a71cbe8c4afe3164f5bd0691f1c4"
70,0x8d7a206b3650092288ff099cda2c35e66aece9fb1cd9617e723f3b53849787ba,105,0xa618c3ac198431ead17dd143f3fab8a73da6a3c506764dff84108bd06f72eb82,6000001,0xb9a824e6dc289c57fac91c16c77e37666cce20e5,0x0000000000000000000000000000000000000000000000000000b93981130044,"0x0f6798a560793a54c3bcfe86a93cde1e73087d944c0ea20544137d4121396885,0x000000000000000000000000bfa8307ffaadea639d49ffdc50188eeebcdefdd8"
71,0x8d7a206b3650092288ff099cda2c35e66aece9fb1cd9617e723f3b53849787ba,105,0xa618c3ac198431ead17dd143f3fab8a73da6a3c506764dff84108bd06f72eb82,6000001,0xb9a824e6dc289c57fac91c16c77e37666cce20e5,0x0000000000000000000000000000000000000000000000000000b93981130044,"0xddf252ad1be2c89b69c2b068fc378daa952ba7f163c4a11628f55a4df523b3ef,0x0000000000000000000000000000000000000000000000000000000000000000,0x000000000000000000000000bfa8307ffaadea639d49ffdc50188eeebcdefdd8"
72,0x8d7a206b3650092288ff099cda2c35e66aece9fb1cd9617e723f3b53849787ba,105,0xa618c3ac198431ead17dd143f3fab8a73da6a3c506764dff84108bd06f72eb82,6000001,0xb9a824e6dc289c57fac91c16c77e37666cce20e5,0x0000000000000000000000000000000000000000000000000000b93981130044,"0x81325e2a6c442af9d36e4ee9697f38d5f4bf0837ade0f6c411c6a40af7c057ee,0x000000000000000000000000bfa8307ffaadea639d49ffdc50188eeebcdefdd8"
73,0x8d7a206b3650092288ff099cda2c35e66aece9fb1cd9617e723f3b53849787ba,105,0xa618c3ac198431ead17dd143f3fab8a73da6a3c506764dff84108bd06f72eb82,6000001,0xb9a824e6dc289c57fac91c16c77e37666cce20e5,0x0000000000000000000000000000000000000000000000000000b93981130044,"0xddf252ad1be2c89b69c2b068fc378daa952ba7f163c4a11628f55a4df523b3ef,0x000000000000000000000000bfa8307ffaadea639d49ffdc50188eeebcdefdd8,0x0000000000000000000000000000000000000000000000000000000000000000"
74,0x8d7a206b3650092288ff099cda2c35e66aece9fb1cd9617e723f3b53849787ba,105,0xa618c3ac198431ead17dd143f3fab8a73da6a3c506764dff84108bd06f72eb82,6000001,0xa3d58c4e56fedcae3a7c43a725aee9a71f0ece4e,0x0000000000000000000000000000000000000000000000017ebd60f728a379f6,"0xddf252ad1be2c89b69c2b068fc378daa952ba7f163c4a11628f55a4df523b3ef,0x000000000000000000000000686e5ac50d9236a9b7406791256e47feddb26aba,0x000000000000000000000000bfa8307ffaadea639d49ffdc50188eeebcdefdd8"
75,0x8d7a206b3650092288ff099cda2c35e66aece9fb1cd9617e723f3b53849787ba,105,0xa618c3ac198431ead17dd143f3fab8a73da6a3c506764dff84108bd06f72eb82,6000001,0x686e5ac50d9236a9b7406791256e47feddb26aba,0x0000000000000000000000000000000000000000000000000214e8348c4f00000000000000000000000000000000000000000000000000017ebd60f728a379f6,"0x05f26cb933b61947ffb852e23d566ecbd1694f683658cbab3ea6b14b61986297,0x000000000000000000000000bfa8307ffaadea639d49ffdc50188eeebcdefdd8"
76,0x80bc64f6531ca523f676aac1d5db57d99e6fe7fcbd1e9afc2b20c27a2c8fc23c,106,0xa618c3ac198431ead17dd143f3fab8a73da6a3c506764dff84108bd06f72eb82,6000001,0x71d01db8d6a2fbea7f8d434599c237980c234e4c,0x0000000000000000000000000000000000000000000000000000000289a0773e,"0xddf252ad1be2c89b69c2b068fc378daa952ba7f163c4a11628f55a4df523b3ef,0x00000000000000000000000004ab96c0c58ba42428c752f7d49d930df1e1a4b9,0x00000000000000000000000039a454668996cc2a6082cad2aece145333c0d7c0"
77,0x1dc0ae550ffe4b804a1c05465391ec06f76fd4608604cc249e09e82a115de78e,107,0xa618c3ac198431ead17dd143f3fab8a73da6a3c506764dff84108bd06f72eb82,6000001,0xe9184c970bcfbb05d8a38762d073320e622a3e28,0x0000000000000000000000000000000000000000000000008ac7230489e80000,"0xddf252ad1be2c89b69c2b068fc378daa952ba7f163c4a11628f55a4df523b3ef,0x0000000000000000000000005f7b1fbb0b04cdcd6b3ea32978d1484ead225beb,0x00000000000000000000000062e1aa1df1ac4a2dba693fa568ea5b7ff5d8c840"
78,0x3ba675c6d75a230f886410e92b3707bacccfe9626f5371499af3421e0f48e08a,108,0xa618c3ac198431ead17dd143f3fab8a73da6a3c506764dff84108bd06f72eb82,6000001,0xbac6a38d9479b8a989d8fa3d57955fef4455d7be,0x00000000000000000000000000000000000000000000000000000164b950557700000000000000000000000000000000000000000000000000000000000000000000000000000000000000000000000000000000000000000000000000016cba000000000000000000000000000000000000000000000000000000000013e60e00000000000000000000000000000000000000000000000000000000000000960000000000000000000000000000000000000000000000000000000000001518,0x8347380e3e962e745b544815d87b0246498f6c3433ace17f1e73756fca21a60c
79,0x3ba675c6d75a230f886410e92b3707bacccfe9626f5371499af3421e0f48e08a,108,0xa618c3ac198431ead17dd143f3fab8a73da6a3c506764dff84108bd06f72eb82,6000001,0xbac6a38d9479b8a989d8fa3d57955fef4455d7be,0x00000000000000000000000000000000000000000000000000000164b950557700000000000000000000000000000000000000000000000000000000000000010000000000000000000000000000000000000000000000000000000000016cb9000000000000000000000000000000000000000000000000000000000013c44900000000000000000000000000000000000000000000000000000000000000640000000000000000000000000000000000000000000000000000000000000bb8,0x8347380e3e962e745b544815d87b0246498f6c3433ace17f1e73756fca21a60c
80,0x3ba675c6d75a230f886410e92b3707bacccfe9626f5371499af3421e0f48e08a,108,0xa618c3ac198431ead17dd143f3fab8a73da6a3c506764dff84108bd06f72eb82,6000001,0xbac6a38d9479b8a989d8fa3d57955fef4455d7be,0x00000000000000000000000000000000000000000000000000000164b950557700000000000000000000000000000000000000000000000000000000000000020000000000000000000000000000000000000000000000000000000000016cb8000000000000000000000000000000000000000000000000000000000013b23e000000000000000000000000000000000000000000000000000000000000009600000000000000000000000000000000000000000000000000000000000011db,0x8347380e3e962e745b544815d87b0246498f6c3433ace17f1e73756fca21a60c
7,0xcce8ae3535d01fcea4bb9c16421bc23583b4a97e2d42d0a2ee086bfda5e1c2d6,12,0xbe847be2bceb74e660daf96b3f0669d58f59dc9101715689a00ef864a5408f43,6000000,0x809826cceab68c387726af962713b64cb5cb3cca,0x00000000000000000000000000000000000000000000005102f7525457c00000,"0xddf252ad1be2c89b69c2b068fc378daa952ba7f163c4a11628f55a4df523b3ef,0x0000000000000000000000003f5ce5fbfe3e9af3971dd833d26ba9b5c936f0be,0x0000000000000000000000005bd9b682f24da3a4f23bf66423a1763f6098cbaf"
8,0x1547120bbc2092524c49441f824d0d6cf32393ca249ec31b68acc75d42da3382,13,0xbe847be2bceb74e660daf96b3f0669d58f59dc9101715689a00ef864a5408f43,6000000,0x809826cceab68c387726af962713b64cb5cb3cca,0x000000000000000000000000000000000000000000000dd070ba88dd8b7d0000,"0xddf252ad1be2c89b69c2b068fc378daa952ba7f163c4a11628f55a4df523b3ef,0x000000000000000000000000564286362092d8e7936f0549571a803b203aaced,0x000000000000000000000000f910ae9e1f1fef7dc72456ed2bb4c80983bd2783"
81,0x3ba675c6d75a230f886410e92b3707bacccfe9626f5371499af3421e0f48e08a,108,0xa618c3ac198431ead17dd143f3fab8a73da6a3c506764dff84108bd06f72eb82,6000001,0xbac6a38d9479b8a989d8fa3d57955fef4455d7be,0x00000000000000000000000000000000000000000000000000000164b950557700000000000000000000000000000000000000000000000000000000000000030000000000000000000000000000000000000000000000000000000000016cb700000000000000000000000000000000000000000000000000000000001397290000000000000000000000000000000000000000000000000000000000000032000000000000000000000000000000000000000000000000000000000000044c,0x8347380e3e962e745b544815d87b0246498f6c3433ace17f1e73756fca21a60c
82,0x3ba675c6d75a230f886410e92b3707bacccfe9626f5371499af3421e0f48e08a,108,0xa618c3ac198431ead17dd143f3fab8a73da6a3c506764dff84108bd06f72eb82,6000001,0xbac6a38d9479b8a989d8fa3d57955fef4455d7be,0x00000000000000000000000000000000000000000000000000000164b950557700000000000000000000000000000000000000000000000000000000000000040000000000000000000000000000000000000000000000000000000000016cb600000000000000000000000000000000000000000000000000000000001384060000000000000000000000000000000000000000000000000000000000000096000000000000000000000000000000000000000000000000000000000000163b,0x8347380e3e962e745b544815d87b0246498f6c3433ace17f1e73756fca21a60c
83,0x3ba675c6d75a230f886410e92b3707bacccfe9626f5371499af3421e0f48e08a,108,0xa618c3ac198431ead17dd143f3fab8a73da6a3c506764dff84108bd06f72eb82,6000001,0xbac6a38d9479b8a989d8fa3d57955fef4455d7be,0x00000000000000000000000000000000000000000000000000000164b950557700000000000000000000000000000000000000000000000000000000000000050000000000000000000000000000000000000000000000000000000000016cb50000000000000000000000000000000000000000000000000000000000134e9d00000000000000000000000000000000000000000000000000000000000000060000000000000000000000000000000000000000000000000000000000000a47,0x8347380e3e962e745b544815d87b0246498f6c3433ace17f1e73756fca21a60c
84,0x3ba675c6d75a230f886410e92b3707bacccfe9626f5371499af3421e0f48e08a,108,0xa618c3ac198431ead17dd143f3fab8a73da6a3c506764dff84108bd06f72eb82,6000001,0xbac6a38d9479b8a989d8fa3d57955fef4455d7be,0x00000000000000000000000000000000000000000000000000000164b950557700000000000000000000000000000000000000000000000000000000000000060000000000000000000000000000000000000000000000000000000000016cb40000000000000000000000000000000000000000000000000000000000134e9d00000000000000000000000000000000000000000000000000000000000000640000000000000000000000000000000000000000000000000000000000000aab,0x8347380e3e962e745b544815d87b0246498f6c3433ace17f1e73756fca21a60c
9,0xa8f2cf69e302da6c8100b80298ed77c37b6e75eed1177ca22acd5772c9fb9876,20,0xbe847be2bceb74e660daf96b3f0669d58f59dc9101715689a00ef864a5408f43,6000000,0x06012c8cf97bead5deae237070f9587f8e7a266d,0x0000000000000000000000007891f796a5d43466fc29f102069092aef497a29000000000000000000000000000000000000000000000000000000000000cff7c00000000000000000000000000000000000000000000000000000000000b30da00000000000000000000000000000000000000000000000000000000000cdd8b0000631283b5a70982702de7431086b02d430c24a529428217bdaf1b0c408003,0x0a5311bd2a6608f08a180df2ee7c5946819a649b204b554bb8e39825b2c50ad5
10,0xa8f2cf69e302da6c8100b80298ed77c37b6e75eed1177ca22acd5772c9fb9876,20,0xbe847be2bceb74e660daf96b3f0669d58f59dc9101715689a00ef864a5408f43,6000000,0x06012c8cf97bead5deae237070f9587f8e7a266d,0x00000000000000000000000000000000000000000000000000000000000000000000000000000000000000007891f796a5d43466fc29f102069092aef497a29000000000000000000000000000000000000000000000000000000000000cff7c,0xddf252ad1be2c89b69c2b068fc378daa952ba7f163c4a11628f55a4df523b3ef
11,0xc9e5e4d68474ea707d2cc1f298f3a5495bc94fc9442e11919aab7a1d75b35835,21,0xbe847be2bceb74e660daf96b3f0669d58f59dc9101715689a00ef864a5408f43,6000000,0xb7cb1c96db6b22b0d3d9536e0108d062bd488f74,0x0000000000000000000000000000000000000000000000088401b3c82da17c00,"0xddf252ad1be2c89b69c2b068fc378daa952ba7f163c4a11628f55a4df523b3ef,0x00000000000000000000000032e567e8b527d3194c60ea3c6a5c009d58a0b36d,0x0000000000000000000000001ae5d5903acb0cecad760c8702f4f05d34650e81"
85,0x3ba675c6d75a230f886410e92b3707bacccfe9626f5371499af3421e0f48e08a,108,0xa618c3ac198431ead17dd143f3fab8a73da6a3c506764dff84108bd06f72eb82,6000001,0xbac6a38d9479b8a989d8fa3d57955fef4455d7be,0x00000000000000000000000000000000000000000000000000000164b950557700000000000000000000000000000000000000000000000000000000000000070000000000000000000000000000000000000000000000000000000000016cb30000000000000000000000000000000000000000000000000000000000131828000000000000000000000000000000000000000000000000000000000000003200000000000000000000000000000000000000000000000000000000000006db,0x8347380e3e962e745b544815d87b0246498f6c3433ace17f1e73756fca21a60c
86,0x3ba675c6d75a230f886410e92b3707bacccfe9626f5371499af3421e0f48e08a,108,0xa618c3ac198431ead17dd143f3fab8a73da6a3c506764dff84108bd06f72eb82,6000001,0xbac6a38d9479b8a989d8fa3d57955fef4455d7be,0x00000000000000000000000000000000000000000000000000000164b950557700000000000000000000000000000000000000000000000000000000000000080000000000000000000000000000000000000000000000000000000000016cb2000000000000000000000000000000000000000000000000000000000012c9ff00000000000000000000000000000000000000000000000000000000000000c80000000000000000000000000000000000000000000000000000000000002088,0x8347380e3e962e745b544815d87b0246498f6c3433ace17f1e73756fca21a60c
87,0x3ba675c6d75a230f886410e92b3707bacccfe9626f5371499af3421e0f48e08a,108,0xa618c3ac198431ead17dd143f3fab8a73da6a3c506764dff84108bd06f72eb82,6000001,0xbac6a38d9479b8a989d8fa3d57955fef4455d7be,0x00000000000000000000000000000000000000000000000000000164b950557700000000000000000000000000000000000000000000000000000000000000090000000000000000000000000000000000000000000000000000000000016cb1000000000000000000000000000000000000000000000000000000000012ae03000000000000000000000000000000000000000000000000000000000000009000000000000000000000000000000000000000000000000000000000000028e7,0x8347380e3e962e745b544815d87b0246498f6c3433ace17f1e73756fca21a60c
88,0x1fd7ac15a58e47f70685847363c3d924fe538e6acd4221ab37052e89d4880028,109,0xa618c3ac198431ead17dd143f3fab8a73da6a3c506764dff84108bd06f72eb82,6000001,0xbac6a38d9479b8a989d8fa3d57955fef4455d7be,0x00000000000000000000000000000000000000000000000000000164b95055a400000000000000000000000000000000000000000000000000000000000000000000000000000000000000000000000000000000000000000000000000016cb0000000000000000000000000000000000000000000000000000000000012ae0300000000000000000000000000000000000000000000000000000000000000c800000000000000000000000000000000000000000000000000000000000029af,0x8347380e3e962e745b544815d87b0246498f6c3433ace17f1e73756fca21a60c
12,0x77dd76f81b40d46970b38857e3e12f907b01cd1d61222d1afaeaf79c8294ad91,23,0xbe847be2bceb74e660daf96b3f0669d58f59dc9101715689a00ef864a5408f43,6000000,0x2e30126921a4625be4d7ae4727b5207ce07c335d,0x0000000000000000000000002e30126921a4625be4d7ae4727b5207ce07c335d00000000000000000000000025d606ae8593dca4e6a8d0d52e24e9aac6bd86ec0000000000000000000000000000000000000000000000000721400b5a416400,"0xe659bb22726afd6009b17c3ae23679ed41784f382129f7fb0b2ef6776e0413d9,0x000000000000000000000000af1931c20ee0c11bea17a41bfbbad299b2763bc0"
89,0x1fd7ac15a58e47f70685847363c3d924fe538e6acd4221ab37052e89d4880028,109,0xa618c3ac198431ead17dd143f3fab8a73da6a3c506764dff84108bd06f72eb82,6000001,0xbac6a38d9479b8a989d8fa3d57955fef4455d7be,0x00000000000000000000000000000000000000000000000000000164b95055a400000000000000000000000000000000000000000000000000000000000000010000000000000000000000000000000000000000000000000000000000016caf000000000000000000000000000000000000000000000000000000000012942d00000000000000000000000000000000000000000000000000000000000000320000000000000000000000000000000000000000000000000000000000000beb,0x8347380e3e962e745b544815d87b0246498f6c3433ace17f1e73756fca21a60c
90,0x1fd7ac15a58e47f70685847363c3d924fe538e6acd4221ab37052e89d4880028,109,0xa618c3ac198431ead17dd143f3fab8a73da6a3c506764dff84108bd06f72eb82,6000001,0xbac6a38d9479b8a989d8fa3d57955fef4455d7be,0x00000000000000000000000000000000000000000000000000000164b95055a400000000000000000000000000000000000000000000000000000000000000020000000000000000000000000000000000000000000000000000000000016cae0000000000000000000000000000000000000000000000000000000000123bf5000000000000000000000000000000000000000000000000000000000000006400000000000000000000000000000000000000000000000000000000000008ff,0x8347380e3e962e745b544815d87b0246498f6c3433ace17f1e73756fca21a60c
91,0x1fd7ac15a58e47f70685847363c3d924fe538e6acd4221ab37052e89d4880028,109,0xa618c3ac198431ead17dd143f3fab8a73da6a3c506764dff84108bd06f72eb82,6000001,0xbac6a38d9479b8a989d8fa3d57955fef4455d7be,0x00000000000000000000000000000000000000000000000000000164b95055a400000000000000000000000000000000000000000000000000000000000000030000000000000000000000000000000000000000000000000000000000016cad00000000000000000000000000000000000000000000000000000000001208f300000000000000000000000000000000000000000000000000000000000000c80000000000000000000000000000000000000000000000000000000000001044,0x8347380e3e962e745b544815d87b0246498f6c3433ace17f1e73756fca21a60c
92,0x1fd7ac15a58e47f70685847363c3d924fe538e6acd4221ab37052e89d4880028,109,0xa618c3ac198431ead17dd143f3fab8a73da6a3c506764dff84108bd06f72eb82,6000001,0xbac6a38d9479b8a989d8fa3d57955fef4455d7be,0x00000000000000000000000000000000000000000000000000000164b95055a400000000000000000000000000000000000000000000000000000000000000040000000000000000000000000000000000000000000000000000000000016cac000000000000000000000000000000000000000000000000000000000011f64a00000000000000000000000000000000000000000000000000000000000000180000000000000000000000000000000000000000000000000000000000001360,0x8347380e3e962e745b544815d87b0246498f6c3433ace17f1e73756fca21a60c
93,0x1fd7ac15a58e47f70685847363c3d924fe538e6acd4221ab37052e89d4880028,109,0xa618c3ac198431ead17dd143f3fab8a73da6a3c506764dff84108bd06f72eb82,6000001,0xbac6a38d9479b8a989d8fa3d57955fef4455d7be,0x00000000000000000000000000000000000000000000000000000164b95055a400000000000000000000000000000000000000000000000000000000000000050000000000000000000000000000000000000000000000000000000000016cab000000000000000000000000000000000000000000000000000000000011f64a00000000000000000000000000000000000000000000000000000000000000c80000000000000000000000000000000000000000000000000000000000001428,0x8347380e3e962e745b544815d87b0246498f6c3433ace17f1e73756fca21a60c
94,0x1fd7ac15a58e47f70685847363c3d924fe538e6acd4221ab37052e89d4880028,109,0xa618c3ac198431ead17dd143f3fab8a73da6a3c506764dff84108bd06f72eb82,6000001,0xbac6a38d9479b8a989d8fa3d57955fef4455d7be,0x00000000000000000000000000000000000000000000000000000164b95055a400000000000000000000000000000000000000000000000000000000000000060000000000000000000000000000000000000000000000000000000000016caa00000000000000000000000000000000000000000000000000000000001157b700000000000000000000000000000000000000000000000000000000000000060000000000000000000000000000000000000000000000000000000000001875,0x8347380e3e962e745b544815d87b0246498f6c3433ace17f1e73756fca21a60c
95,0x1fd7ac15a58e47f70685847363c3d924fe538e6acd4221ab37052e89d4880028,109,0xa618c3ac198431ead17dd143f3fab8a73da6a3c506764dff84108bd06f72eb82,6000001,0xbac6a38d9479b8a989d8fa3d57955fef4455d7be,0x00000000000000000000000000000000000000000000000000000164b95055a400000000000000000000000000000000000000000000000000000000000000070000000000000000000000000000000000000000000000000000000000016ca900000000000000000000000000000000000000000000000000000000001157b70000000000000000000000000000000000000000000000000000000000000096000000000000000000000000000000000000000000000000000000000000190b,0x8347380e3e962e745b544815d87b0246498f6c3433ace17f1e73756fca21a60c
96,0x1fd7ac15a58e47f70685847363c3d924fe538e6acd4221ab37052e89d4880028,109,0xa618c3ac198431ead17dd143f3fab8a73da6a3c506764dff84108bd06f72eb82,6000001,0xbac6a38d9479b8a989d8fa3d57955fef4455d7be,0x00000000000000000000000000000000000000000000000000000164b95055a400000000000000000000000000000000000000000000000000000000000000080000000000000000000000000000000000000000000000000000000000016ca8000000000000000000000000000000000000000000000000000000000011368f0000000000000000000000000000000000000000000000000000000000000096000000000000000000000000000000000000000000000000000000000000128d,0x8347380e3e962e745b544815d87b0246498f6c3433ace17f1e73756fca21a60c
97,0x1fd7ac15a58e47f70685847363c3d924fe538e6acd4221ab37052e89d4880028,109,0xa618c3ac198431ead17dd143f3fab8a73da6a3c506764dff84108bd06f72eb82,6000001,0xbac6a38d9479b8a989d8fa3d57955fef4455d7be,0x00000000000000000000000000000000000000000000000000000164b95055a400000000000000000000000000000000000000000000000000000000000000090000000000000000000000000000000000000000000000000000000000016ca70000000000000000000000000000000000000000000000000000000000112cdc000000000000000000000000000000000000000000000000000000000000003200000000000000000000000000000000000000000000000000000000000018fc,0x8347380e3e962e745b544815d87b0246498f6c3433ace17f1e73756fca21a60c
98,0x4df71655375a3826b933d0875ef1d30b055e6ffdbc5a2e002006d7a03175b94d,110,0xa618c3ac198431ead17dd143f3fab8a73da6a3c506764dff84108bd06f72eb82,6000001,0xbac6a38d9479b8a989d8fa3d57955fef4455d7be,0x00000000000000000000000000000000000000000000000000000164b95055cd00000000000000000000000000000000000000000000000000000000000000000000000000000000000000000000000000000000000000000000000000016ca6000000000000000000000000000000000000000000000000000000000011145e000000000000000000000000000000000000000000000000000000000000000700000000000000000000000000000000000000000000000000000000000024ac,0x8347380e3e962e745b544815d87b0246498f6c3433ace17f1e73756fca21a60c
13,0xa3ce6acb3d6c4e3bc04db3072d3592e7a3304e7be41d500e983dba191cd4327f,26,0xbe847be2bceb74e660daf96b3f0669d58f59dc9101715689a00ef864a5408f43,6000000,0x1e6812aa07c62ece36f7694c60d5b56be4f4325c,0x0000000000000000000000001e6812aa07c62ece36f7694c60d5b56be4f4325c000000000000000000000000223019a87dc84cba033f83ee930714ffd59b397e00000000000000000000000000000000000000000000000004949d5e0e762800,"0xe659bb22726afd6009b17c3ae23679ed41784f382129f7fb0b2ef6776e0413d9,0x000000000000000000000000af1931c20ee0c11bea17a41bfbbad299b2763bc0"
99,0x4df71655375a3826b933d0875ef1d30b055e6ffdbc5a2e002006d7a03175b94d,110,0xa618c3ac198431ead17dd143f3fab8a73da6a3c506764dff84108bd06f72eb82,6000001,0xbac6a38d9479b8a989d8fa3d57955fef4455d7be,0x00000000000000000000000000000000000000000000000000000164b95055cd00000000000000000000000000000000000000000000000000000000000000010000000000000000000000000000000000000000000000000000000000016ca5000000000000000000000000000000000000000000000000000000000011145e00000000000000000000000000000000000000000000000000000000000000c80000000000000000000000000000000000000000000000000000000000002574,0x8347380e3e962e745b544815d87b0246498f6c3433ace17f1e73756fca21a60c
14,0xf1656b705b1d705b0bc9f6adc0f8584618ea4b6fe0de67fa8392768471197d17,32,0xbe847be2bceb74e660daf96b3f0669d58f59dc9101715689a00ef864a5408f43,6000000,0x4c7b8591c50f4ad308d07d6294f2945e074420f5,0x000000000000000000000000000000000000000000000000000000000000001a00000000000000000000000000000000000000000000000010c983683fd4907e0000000000000000000000000000000000000000000000000000000000000002,0x3d5ef7f1526b591957095eba8ced14554e32e3401d04857a5899339b4449846e
100,0x4df71655375a3826b933d0875ef1d30b055e6ffdbc5a2e002006d7a03175b94d,110,0xa618c3ac198431ead17dd143f3fab8a73da6a3c506764dff84108bd06f72eb82,6000001,0xbac6a38d9479b8a989d8fa3d57955fef4455d7be,0x00000000000000000000000000000000000000000000000000000164b95055cd00000000000000000000000000000000000000000000000000000000000000020000000000000000000000000000000000000000000000000000000000016ca4000000000000000000000000000000000000000000000000000000000010a7f900000000000000000000000000000000000000000000000000000000000000320000000000000000000000000000000000000000000000000000000000000a01,0x8347380e3e962e745b544815d87b0246498f6c3433ace17f1e73756fca21a60c
101,0x4df71655375a3826b933d0875ef1d30b055e6ffdbc5a2e002006d7a03175b94d,110,0xa618c3ac198431ead17dd143f3fab8a73da6a3c506764dff84108bd06f72eb82,6000001,0xbac6a38d9479b8a989d8fa3d57955fef4455d7be,0x00000000000000000000000000000000000000000000000000000164b95055cd00000000000000000000000000000000000000000000000000000000000000030000000000000000000000000000000000000000000000000000000000016ca30000000000000000000000000000000000000000000000000000000000104f3e00000000000000000000000000000000000000000000000000000000000000c80000000000000000000000000000000000000000000000000000000000001ff1,0x8347380e3e962e745b544815d87b0246498f6c3433ace17f1e73756fca21a60c
102,0x4df71655375a3826b933d0875ef1d30b055e6ffdbc5a2e002006d7a03175b94d,110,0xa618c3ac198431ead17dd143f3fab8a73da6a3c506764dff84108bd06f72eb82,6000001,0xbac6a38d9479b8a989d8fa3d57955fef4455d7be,0x00000000000000000000000000000000000000000000000000000164b95055cd00000000000000000000000000000000000000000000000000000000000000040000000000000000000000000000000000000000000000000000000000016ca200000000000000000000000000000000000000000000000000000000001031fd0000000000000000000000000000000000000000000000000000000000000032000000000000000000000000000000000000000000000000000000000000053e,0x8347380e3e962e745b544815d87b0246498f6c3433ace17f1e73756fca21a60c
103,0x4df71655375a3826b933d0875ef1d30b055e6ffdbc5a2e002006d7a03175b94d,110,0xa618c3ac198431ead17dd143f3fab8a73da6a3c506764dff84108bd06f72eb82,6000001,0xbac6a38d9479b8a989d8fa3d57955fef4455d7be,0x00000000000000000000000000000000000000000000000000000164b95055cd00000000000000000000000000000000000000000000000000000000000000050000000000000000000000000000000000000000000000000000000000016ca10000000000000000000000000000000000000000000000000000000000101af500000000000000000000000000000000000000000000000000000000000000c80000000000000000000000000000000000000000000000000000000000002a28,0x8347380e3e962e745b544815d87b0246498f6c3433ace17f1e73756fca21a60c
15,0xf1656b705b1d705b0bc9f6adc0f8584618ea4b6fe0de67fa8392768471197d17,32,0xbe847be2bceb74e660daf96b3f0669d58f59dc9101715689a00ef864a5408f43,6000000,0xf9ba0955b0509ac6138908ccc50d5bd296e48d7d,0x000000000000000000000000000000000000000000000000000000000000000100000000000000000000000000000000000000000000000000038d7ea4c68000,0x74b1d2f771e0eff1b2c36c38499febdbea80fe4013bdace4fc4b653322c2895c
104,0x4df71655375a3826b933d0875ef1d30b055e6ffdbc5a2e002006d7a03175b94d,110,0xa618c3ac198431ead17dd143f3fab8a73da6a3c506764dff84108bd06f72eb82,6000001,0xbac6a38d9479b8a989d8fa3d57955fef4455d7be,0x00000000000000000000000000000000000000000000000000000164b95055cd00000000000000000000000000000000000000000000000000000000000000060000000000000000000000000000000000000000000000000000000000016ca00000000000000000000000000000000000000000000000000000000000101a7a00000000000000000000000000000000000000000000000000000000000000640000000000000000000000000000000000000000000000000000000000000f12,0x8347380e3e962e745b544815d87b0246498f6c3433ace17f1e73756fca21a60c
16,0xf1656b705b1d705b0bc9f6adc0f8584618ea4b6fe0de67fa8392768471197d17,32,0xbe847be2bceb74e660daf96b3f0669d58f59dc9101715689a00ef864a5408f43,6000000,0xa62142888aba8370742be823c1782d17a0389da1,0x0000000000000000000000a0dfaf758992d36b68c69c2dd1b924ddb1a210006f000000000000000000001aba4714957d300d0e549208b31adb100000000018c8000000000000000000000000000000000000000000000000000000000000000000000000000000000000000081a1814eb59da93769818a107416e19585fc888d000000000000000000000000000000000000000000000000016345785d8a00000000000000000000000000000000000000000000000000018ac177c3ab956529000000000000000000000000000000000000000000000000000000000000000000000000000000000000000000000000000000000000000000000000000000000000000000000000000000000000000000000000000000000000000000000000000000000000000000000000000000000000000000000000000000000000000000000000000000000000000000000000000000000000000000470de4df82000000000000000000000000000000000000000000000000000000c6f3b40af59a2100000000000000000000000000000000000000000000000000470de4df82000000000000000000000000000000000000000000000000000009cd7741670e2cb9,0x500e72a0e114930aebdbcb371ccdbf43922c49f979794b5de4257ff7e310c746
105,0x4df71655375a3826b933d0875ef1d30b055e6ffdbc5a2e002006d7a03175b94d,110,0xa618c3ac198431ead17dd143f3fab8a73da6a3c506764dff84108bd06f72eb82,6000001,0xbac6a38d9479b8a989d8fa3d57955fef4455d7be,0x00000000000000000000000000000000000000000000000000000164b95055cd00000000000000000000000000000000000000000000000000000000000000070000000000000000000000000000000000000000000000000000000000016c9f000000000000000000000000000000000000000000000000000000000010053800000000000000000000000000000000000000000000000000000000000000320000000000000000000000000000000000000000000000000000000000000f5b,0x8347380e3e962e745b544815d87b0246498f6c3433ace17f1e73756fca21a60c
17,0xf1656b705b1d705b0bc9f6adc0f8584618ea4b6fe0de67fa8392768471197d17,32,0xbe847be2bceb74e660daf96b3f0669d58f59dc9101715689a00ef864a5408f43,6000000,0xa62142888aba8370742be823c1782d17a0389da1,0x00000000000000000000000081a1814eb59da93769818a107416e19585fc888d000000000000000000000000000000000000000000000000000000000000000000000000000000000000000000000000000000000000000003434dfc6e00ea17000000000000000000000000000000000000000000000000000000005b524624,"0x8f36579a548bc439baa172a6521207464154da77f411e2da3db2f53affe6cc3a,0x00000000000000000000000000000000000000000000000000000000000018c8"
106,0x4df71655375a3826b933d0875ef1d30b055e6ffdbc5a2e002006d7a03175b94d,110,0xa618c3ac198431ead17dd143f3fab8a73da6a3c506764dff84108bd06f72eb82,6000001,0xbac6a38d9479b8a989d8fa3d57955fef4455d7be,0x00000000000000000000000000000000000000000000000000000164b95055cd00000000000000000000000000000000000000000000000000000000000000080000000000000000000000000000000000000000000000000000000000016c9e00000000000000000000000000000000000000000000000000000000000fb8ff00000000000000000000000000000000000000000000000000000000000000640000000000000000000000000000000000000000000000000000000000000594,0x8347380e3e962e745b544815d87b0246498f6c3433ace17f1e73756fca21a60c
18,0x0b5149d6487bc3bc57057f8d856badd23672eafcfba4bdc52908dfe56fb540f6,34,0xbe847be2bceb74e660daf96b3f0669d58f59dc9101715689a00ef864a5408f43,6000000,0x3dbdc81a6edc94c720b0b88fb65dbd7e395fdcf6,0x000000000000000000000000048717ea892f23fb0126f00640e2b18072efd9d237ba59f31d38b52e27e62470ac1dcd91496ba11460743141996a3834dd5946bd00000000000000000000000000000000000000000000000000000000000000000000000000000000000000000000000000000000000000000000000000000100000000000000000000000000000000000000000000000000000000000000014000000000000000000000000000000000000000000000000000000000000395f8110000000000000000000000000000000000000000000000000000000000000000000000000000000000000000000000000000000000000000000009502f900000000000000000000000000000000000000000000000000000000000000000066e6573746564000000000000000000000000000000000000000000000000000000000000000000000000000000000000000000000000000000000000000001b85b55524c5d205b276a736f6e2868747470733a2f2f6170692e72616e646f6d2e6f72672f6a736f6e2d7270632f312f696e766f6b65292e726573756c742e72616e646f6d5b2273657269616c4e756d626572222c2264617461225d272c20275c6e7b226a736f6e727063223a22322e30222c226d6574686f64223a2267656e65726174655369676e6564496e746567657273222c22706172616d73223a7b226170694b6579223a247b5b646563727970745d20424a38424d454e476e61666d566369394f45356e39384d475a5255363234722f51574f516939305977755a7a484c326a614b32534366354c333867737944336b4734435333736a5a564c5064707266626f2b4c396c55585174564a622f385350496a6b4d55336c6b393433763630436f322b6f4c4d56675352744e4b41417a485336444a50654c4f596144484c6862434c4f526f55743266504b53703837453d7d2c226e223a312c226d696e223a312c226d6178223a3130302c227265706c6163656d656e74223a747275652c2262617365223a3130247b5b6964656e746974795d20227d227d2c226964223a3838363532247b5b6964656e746974795d20227d227d275d0000000000000000,0xb76d0edd90c6a07aa3ff7a222d7f5933e29c6acc660c059c97837f05c4ca1a84
107,0x4df71655375a3826b933d0875ef1d30b055e6ffdbc5a2e002006d7a03175b94d,110,0xa618c3ac198431ead17dd143f3fab8a73da6a3c506764dff84108bd06f72eb82,6000001,0xbac6a38d9479b8a989d8fa3d57955fef4455d7be,0x00000000000000000000000000000000000000000000000000000164b95055cd00000000000000000000000000000000000000000000000000000000000000090000000000000000000000000000000000000000000000000000000000016c9d00000000000000000000000000000000000000000000000000000000000f0ce0000000000000000000000000000000000000000000000000000000000000009600000000000000000000000000000000000000000000000000000000000010a3,0x8347380e3e962e745b544815d87b0246498f6c3433ace17f1e73756fca21a60c
19,0x0b5149d6487bc3bc57057f8d856badd23672eafcfba4bdc52908dfe56fb540f6,34,0xbe847be2bceb74e660daf96b3f0669d58f59dc9101715689a00ef864a5408f43,6000000,0x048717ea892f23fb0126f00640e2b18072efd9d2,0x000000000000000000000000000000000000000000000000086d013637ea6db6000000000000000000000000000000000000000000000000016345785d8a0000000000000000000000000000000000000000000000000000000000000000000f0000000000000000000000000000000000000000000000000000000000015a4c,"0x56b3f1a6cd856076d6f8adbf8170c43a0b0f532fc5696a2699a0e0cabc704163,0x37ba59f31d38b52e27e62470ac1dcd91496ba11460743141996a3834dd5946bd,0x00000000000000000000000000e695c5d7b2f6a2e83e1b34db1390f89e2741ef,0x00000000000000000000000000000000000000000000000009d046ae95746db6"
108,0x5402c67b37f2e40db8349d28fd99e9d4dddd4abe12cf8a3a1992e8898c0387a9,111,0xa618c3ac198431ead17dd143f3fab8a73da6a3c506764dff84108bd06f72eb82,6000001,0x4c7b8591c50f4ad308d07d6294f2945e074420f5,0x000000000000000000000000000000000000000000000000000000000000002200000000000000000000000000000000000000000000000026357ab00a006a600000000000000000000000000000000000000000000000000000000000000002,0x3d5ef7f1526b591957095eba8ced14554e32e3401d04857a5899339b4449846e
20,0x6e80bb5f6a034e0221ad636ebeceb43bfec4c9084347fe789a60e6af1b6a50e6,35,0xbe847be2bceb74e660daf96b3f0669d58f59dc9101715689a00ef864a5408f43,6000000,0x4c7b8591c50f4ad308d07d6294f2945e074420f5,0x000000000000000000000000000000000000000000000000000000000000001b00000000000000000000000000000000000000000000000024634a3dc3bcef530000000000000000000000000000000000000000000000000000000000000002,0x3d5ef7f1526b591957095eba8ced14554e32e3401d04857a5899339b4449846e
21,0x6e80bb5f6a034e0221ad636ebeceb43bfec4c9084347fe789a60e6af1b6a50e6,35,0xbe847be2bceb74e660daf96b3f0669d58f59dc9101715689a00ef864a5408f43,6000000,0xf9ba0955b0509ac6138908ccc50d5bd296e48d7d,0x000000000000000000000000000000000000000000000000000000000000000100000000000000000000000000000000000000000000000009cce36ac1f42f6a,0x74b1d2f771e0eff1b2c36c38499febdbea80fe4013bdace4fc4b653322c2895c
109,0x5402c67b37f2e40db8349d28fd99e9d4dddd4abe12cf8a3a1992e8898c0387a9,111,0xa618c3ac198431ead17dd143f3fab8a73da6a3c506764dff84108bd06f72eb82,6000001,0xf9ba0955b0509ac6138908ccc50d5bd296e48d7d,0x000000000000000000000000000000000000000000000000000000000000000100000000000000000000000000000000000000000000000000002190ebec57d4,0x74b1d2f771e0eff1b2c36c38499febdbea80fe4013bdace4fc4b653322c2895c
22,0x6e80bb5f6a034e0221ad636ebeceb43bfec4c9084347fe789a60e6af1b6a50e6,35,0xbe847be2bceb74e660daf96b3f0669d58f59dc9101715689a00ef864a5408f43,6000000,0xa62142888aba8370742be823c1782d17a0389da1,0x000000000000000000000000a34a1746559e37dccfa0680187f3a6321011a9396e6577636f6e74726163740000000000000000000000000000000000000000000000000000000000000000000000000000000000000000006200e22b9389da2d000000000000000000000000000000000000000000000000000000005b524624,"0x590bbc0fc16915a85269a48f74783c39842b7ae9eceb7c295c95dbe8b3ec7331,0x0000000000000000000000000000000000000000000000000000000000000c71,0x0000000000000000000000000000000000000000000000000000000000000001,0x0000000000000000000000000000000000000000000000000000000000001091"
23,0x6e80bb5f6a034e0221ad636ebeceb43bfec4c9084347fe789a60e6af1b6a50e6,35,0xbe847be2bceb74e660daf96b3f0669d58f59dc9101715689a00ef864a5408f43,6000000,0xa62142888aba8370742be823c1782d17a0389da1,0x00000000000000000000000000000000000000028b2f7616a27f2aa62210044c000000000000000000001aba4714957d300d0e549208b31adb100000000010916b75723475736573000000000000000000000000000000000000000000000000000000000000000000000000bd8b2d00e2cd69017e8ee504046dd013bc985ff8000000000000000000000000000000000000000000000003d408d5b3c36285cb00000000000000000000000000000000000000000000044077c2d7991e51c8bc00000000000000000000000000000000000000000000000000000000000000000000000000000000000000000000000000000000000000000000000000000000000000000000000000000000000000000000000000000000000000000000000000000000000000000000000000000000000000000000000000000000000000000000000000000000000000000000000000000000000000006200e22b9389da2d00000000000000000000000000000000000000000000000224d1bf5a6c8aa58a000000000000000000000000000000000000000000000000c401c4572713b45e000000000000000000000000000000000000000000000000139a5aac29025c23,0x500e72a0e114930aebdbcb371ccdbf43922c49f979794b5de4257ff7e310c746
24,0x7161b3358e2abad95089905f39e7075513efefae00244d3f376292a87f39e95e,36,0xbe847be2bceb74e660daf96b3f0669d58f59dc9101715689a00ef864a5408f43,6000000,0x1985365e9f78359a9b6ad760e32412f4a445e862,0x0000000000000000000000000000000000000000000000237a8354c77217d400,"0xddf252ad1be2c89b69c2b068fc378daa952ba7f163c4a11628f55a4df523b3ef,0x00000000000000000000000040120b5a5994f7e3afe3c0a3dc56d1ccb0b75262,0x0000000000000000000000003f5ce5fbfe3e9af3971dd833d26ba9b5c936f0be"
25,0x7161b3358e2abad95089905f39e7075513efefae00244d3f376292a87f39e95e,36,0xbe847be2bceb74e660daf96b3f0669d58f59dc9101715689a00ef864a5408f43,6000000,0x75228dce4d82566d93068a8d5d49435216551599,0x0000000000000000000000003f5ce5fbfe3e9af3971dd833d26ba9b5c936f0be0000000000000000000000000000000000000000000000237a8354c77217d40000000000000000000000000000000000000000000000000000000000000000000000000000000000000000000000000000000000000000000000000000000000,"0x3c67396e9c55d2fc8ad68875fc5beca1d96ad2a2f23b210ccc1d986551ab6fdf,0x000000000000000000000000e991247b78f937d7b69cfc00f1a487a293557677,0x0000000000000000000000001985365e9f78359a9b6ad760e32412f4a445e862,0x00000000000000000000000040120b5a5994f7e3afe3c0a3dc56d1ccb0b75262"
110,0x5402c67b37f2e40db8349d28fd99e9d4dddd4abe12cf8a3a1992e8898c0387a9,111,0xa618c3ac198431ead17dd143f3fab8a73da6a3c506764dff84108bd06f72eb82,6000001,0xa62142888aba8370742be823c1782d17a0389da1,0x00000000000000000000000000000000000000028b2f7617c5ee2762dd44044c000000000000000000001aba4714957d300d0e549208b31adb10000000001857000000000000000000000000000000000000000000000000000000000000000000000000000000000000000079ffed4dd35ab22347ab10dab6015c1272fc74d9000000000000000000000000000000000000000000000000000d1c9c28524f330000000000000000000000000000000000000000000000000e8e05d4a87051fd000000000000000000000000000000000000000000000000000000000000000000000000000000000000000000000000000000000000000000000000000000000000000000000000000000000000000000000000000000000000000000000000000000000000000000000000000000000000000000000000000000000000000000000000000000000000000000000000000000000000000000029f526e76dca2000000000000000000000000000000000000000000000000000757b39ad9fa4900000000000000000000000000000000000000000000000000029f526e76dca60000000000000000000000000000000000000000000000000f831423801750a7,0x500e72a0e114930aebdbcb371ccdbf43922c49f979794b5de4257ff7e310c746
26,0xe453348bfddf49357c098730bb060ae2d05af1fcefe54393489f80bd02a6e021,37,0xbe847be2bceb74e660daf96b3f0669d58f59dc9101715689a00ef864a5408f43,6000000,0xdf2c7238198ad8b389666574f2d8bc411a4b7428,0x000000000000000000000000000000000000000000001a1d4d18755d04000000,"0xddf252ad1be2c89b69c2b068fc378daa952ba7f163c4a11628f55a4df523b3ef,0x000000000000000000000000f74d556cbb95b7bccdad8284bc68110c74c91e7b,0x0000000000000000000000003f5ce5fbfe3e9af3971dd833d26ba9b5c936f0be"
27,0xecff250a3deaa6f1022f9bb2c596f7e94afe9e9fc28f5f4b736db2eb9d93b92f,38,0xbe847be2bceb74e660daf96b3f0669d58f59dc9101715689a00ef864a5408f43,6000000,0xb7cb1c96db6b22b0d3d9536e0108d062bd488f74,0x0000000000000000000000000000000000000000000000243a41738388a07c00,"0xddf252ad1be2c89b69c2b068fc378daa952ba7f163c4a11628f55a4df523b3ef,0x00000000000000000000000096016c56f2f46de0aa20635c32c5959a8f4e3880,0x0000000000000000000000003f5ce5fbfe3e9af3971dd833d26ba9b5c936f0be"
28,0xdae6e7e0cf6c411946e1bc5fddfcb4d206863b0385163b8e5f983c8616aeedc8,40,0xbe847be2bceb74e660daf96b3f0669d58f59dc9101715689a00ef864a5408f43,6000000,0xb7cb1c96db6b22b0d3d9536e0108d062bd488f74,0x0000000000000000000000000000000000000000000000132bce69b1689ca000,"0xddf252ad1be2c89b69c2b068fc378daa952ba7f163c4a11628f55a4df523b3ef,0x0000000000000000000000001ae5d5903acb0cecad760c8702f4f05d34650e81,0x0000000000000000000000003f5ce5fbfe3e9af3971dd833d26ba9b5c936f0be"
111,0x95f7e8097119786f098a54f9da0a1869a01df40f71a80fde405d0a97d5031ec8,112,0xa618c3ac198431ead17dd143f3fab8a73da6a3c506764dff84108bd06f72eb82,6000001,0xb3775fb83f7d12a36e0475abdd1fca35c091efbe,0x0000000000000000000000000000000000000000000000000de0b6b3a76400000000000000000000000000000000000000000000000000030c2af1f1b112c9cb,"0x022c0d992e4d873a3748436d960d5140c1f9721cf73f7ca5ec679d3d9f4fe2d5,0x000000000000000000000000e67f800c4cd4fe30d96de416dca6c2d73d5f383e,0x000000000000000000000000e19133a469c87fcf3c1b43a2686b27b4bd2188b2"
29,0x267eb25ff558d66deb47ededbb3a5db9099727f2703ce4b871d77d9c4dc930b5,41,0xbe847be2bceb74e660daf96b3f0669d58f59dc9101715689a00ef864a5408f43,6000000,0x957c30ab0426e0c93cd8241e2c60392d08c6ac8e,0x00000000000000000000000000000000000000000000000000000000000001ab,"0xddf252ad1be2c89b69c2b068fc378daa952ba7f163c4a11628f55a4df523b3ef,0x00000000000000000000000075d12249f9ca6c61a7441bdda58996eb65d9d4d7,0x0000000000000000000000003f5ce5fbfe3e9af3971dd833d26ba9b5c936f0be"
0,0xa88826a1aed2cc7786d49cfa823a043a4999fdf6ac8e0599938e7270fd3ed920,0,0x6b855d4ca375a859bb00ee9a70b0e51bcefac0b075e5855a39bc9e361005af89,6000002,0xb3775fb83f7d12a36e0475abdd1fca35c091efbe,0x0000000000000000000000000000000000000000000000005cbbc5eceb6689c40000000000000000000000000000000000000000000000145c7f223b707046c7,"0x022c0d992e4d873a3748436d960d5140c1f9721cf73f7ca5ec679d3d9f4fe2d5,0x000000000000000000000000c7029ed9eba97a096e72607f4340c34049c7af48,0x0000000000000000000000008329e2c1c7e80dde2b5145be79cfbf3f9b07a317"
30,0x586a7e7914231c10a9688285100eb5cbd5481969a959c51703b2082cb22faaf8,42,0xbe847be2bceb74e660daf96b3f0669d58f59dc9101715689a00ef864a5408f43,6000000,0x3883f5e181fccaf8410fa61e12b59bad963fb645,0x00000000000000000000000000000000000000000000001b9689080870b34000,"0xddf252ad1be2c89b69c2b068fc378daa952ba7f163c4a11628f55a4df523b3ef,0x000000000000000000000000cc63cd404a350868cdff82df2f6fe09993677f75,0x0000000000000000000000003f5ce5fbfe3e9af3971dd833d26ba9b5c936f0be"
1,0xa88826a1aed2cc7786d49cfa823a043a4999fdf6ac8e0599938e7270fd3ed920,0,0x6b855d4ca375a859bb00ee9a70b0e51bcefac0b075e5855a39bc9e361005af89,6000002,0xb3775fb83f7d12a36e0475abdd1fca35c091efbe,0x0000000000000000000000000000000000000000000000145c7f223b707046c70000000000000000000000000000000000000000000000004b1d326cb999adae,"0xc4823739c5787d2ca17e404aa47d5569ae71dfb49cbf21b3f6152ed238a31139,0x000000000000000000000000c7029ed9eba97a096e72607f4340c34049c7af48"
31,0x884ae8e046e8d12a541788f4072e4ad7f0a3c3b806afa0abd67f711ba468c5f4,43,0xbe847be2bceb74e660daf96b3f0669d58f59dc9101715689a00ef864a5408f43,6000000,0xd0a4b8946cb52f0661273bfbc6fd0e0c75fc6433,0x0000000000000000000000000000000000000000000002c398d244fbd9460000,"0xddf252ad1be2c89b69c2b068fc378daa952ba7f163c4a11628f55a4df523b3ef,0x0000000000000000000000009649c485759d7141dba05de70252518d52b2c7fa,0x0000000000000000000000003f5ce5fbfe3e9af3971dd833d26ba9b5c936f0be"
2,0xa88826a1aed2cc7786d49cfa823a043a4999fdf6ac8e0599938e7270fd3ed920,0,0x6b855d4ca375a859bb00ee9a70b0e51bcefac0b075e5855a39bc9e361005af89,6000002,0xb3775fb83f7d12a36e0475abdd1fca35c091efbe,0x0000000000000000000000000000000000000000000000004b1d9174e220b1e7,"0xccad973dcd043c7d680389db4378bd6b9775db7124092e9e0422c9e46d7985dc,0x000000000000000000000000c7029ed9eba97a096e72607f4340c34049c7af48"
32,0xa2ac2861c0915a3141692150a285634603b5e43c8ff3aef6e866b497a44c522c,47,0xbe847be2bceb74e660daf96b3f0669d58f59dc9101715689a00ef864a5408f43,6000000,0x49592d97be49033615a7fbc02c6853e4c58eb9bc,0x000000000000000000000000000000000000000000000080cd9fb36998200000,"0xddf252ad1be2c89b69c2b068fc378daa952ba7f163c4a11628f55a4df523b3ef,0x000000000000000000000000b15a16c51126045655fd0ba31c1c33cf3aea406a,0x000000000000000000000000016a52861f57610aa090b39dd4eb7574174ddce2"
3,0xa88826a1aed2cc7786d49cfa823a043a4999fdf6ac8e0599938e7270fd3ed920,0,0x6b855d4ca375a859bb00ee9a70b0e51bcefac0b075e5855a39bc9e361005af89,6000002,0xc7029ed9eba97a096e72607f4340c34049c7af48,0x0000000000000000000000008329e2c1c7e80dde2b5145be79cfbf3f9b07a3170000000000000000000000000000000000000000000000005cbbc5eceb6689c400000000000000000000000000000000000000000000000003175365c3947c0f0000000000000000000000000000000000000000000000004b1d9174e220b1e7000000000000000000000000002cd76fe0884e2b853a4e84e26e4eb54ad44653,0xa0e5739b8aab1e9b0469db4a982bc2211bdf4b0ed8b8aebe2e0d89d10057657d
33,0x39591c58d9c72573289387bf9e1fb6d81965a16fbd5e81138f07de5459e0bce1,51,0xbe847be2bceb74e660daf96b3f0669d58f59dc9101715689a00ef864a5408f43,6000000,0xcb97e65f07da24d46bcdd078ebebd7c6e6e3d750,0x0000000000000000000000000000000000000000000000000000048c2d2f3100,"0xddf252ad1be2c89b69c2b068fc378daa952ba7f163c4a11628f55a4df523b3ef,0x0000000000000000000000009f27fc92890a31d7b74b787f34b099fd628b51ea,0x00000000000000000000000046705dfff24256421a05d056c29e81bdc09723b8"
4,0xd2aa82299985516921b259393d387d7a23698bcdb565d51cba2ea87298420186,1,0x6b855d4ca375a859bb00ee9a70b0e51bcefac0b075e5855a39bc9e361005af89,6000002,0xb3775fb83f7d12a36e0475abdd1fca35c091efbe,0x0000000000000000000000000000000000000000000000004b1d9174e220b1e70000000000000000000000000000000000000000000000107e4b2a2d389d91b7,"0x022c0d992e4d873a3748436d960d5140c1f9721cf73f7ca5ec679d3d9f4fe2d5,0x000000000000000000000000c7029ed9eba97a096e72607f4340c34049c7af48,0x0000000000000000000000003e02d9233e9d6f1fc9c5fd247673526e1aea56b3"
34,0x179721c8676e58345a8407c803b5a592e7eca599169d08e1d7fcba6d031f623c,52,0xbe847be2bceb74e660daf96b3f0669d58f59dc9101715689a00ef864a5408f43,6000000,0xfb5a551374b656c6e39787b1d3a03feab7f3a98e,0x00000000000000000000000000000000000000000000003635c9adc5dea00000,"0xddf252ad1be2c89b69c2b068fc378daa952ba7f163c4a11628f55a4df523b3ef,0x000000000000000000000000ae07ad15176928b0eff73af099b6091a51038730,0x0000000000000000000000006748f50f686bfbca6fe8ad62b22228b87f31ff2b"
5,0xd2aa82299985516921b259393d387d7a23698bcdb565d51cba2ea87298420186,1,0x6b855d4ca375a859bb00ee9a70b0e51bcefac0b075e5855a39bc9e361005af89,6000002,0xb3775fb83f7d12a36e0475abdd1fca35c091efbe,0x0000000000000000000000000000000000000000000000107e4b2a2d389d91b70000000000000000000000000000000000000000000000003cd7f02328eb988c,"0xc4823739c5787d2ca17e404aa47d5569ae71dfb49cbf21b3f6152ed238a31139,0x000000000000000000000000c7029ed9eba97a096e72607f4340c34049c7af48"
35,0x889bffb9f1968a462643c8911835f84f1fdf9776b2400fc36169aafeca4ffe34,53,0xbe847be2bceb74e660daf96b3f0669d58f59dc9101715689a00ef864a5408f43,6000000,0x2d0e95bd4795d7ace0da3c0ff7b706a5970eb9d3,0x000000000000000000000000000000000000000000006a531249f89878000000,"0xddf252ad1be2c89b69c2b068fc378daa952ba7f163c4a11628f55a4df523b3ef,0x000000000000000000000000e6da41ddbbd7b7c899e051f83137e35e7919d464,0x00000000000000000000000046705dfff24256421a05d056c29e81bdc09723b8"
36,0xa55b45862b67300ac4dc0300930aedef68e924a24e155b4cc53a2a265f1cf53f,54,0xbe847be2bceb74e660daf96b3f0669d58f59dc9101715689a00ef864a5408f43,6000000,0x7051620d11042c4335069aaa4f10cd3b4290c681,0x000000000000000000000000000000000000000000000000000000000bebc200,"0xddf252ad1be2c89b69c2b068fc378daa952ba7f163c4a11628f55a4df523b3ef,0x00000000000000000000000099006250906ef07520735c62956e0cfdd99b741d,0x00000000000000000000000004963113e06716f2338908e43412ca64c7fc395e"
6,0xd2aa82299985516921b259393d387d7a23698bcdb565d51cba2ea87298420186,1,0x6b855d4ca375a859bb00ee9a70b0e51bcefac0b075e5855a39bc9e361005af89,6000002,0xb3775fb83f7d12a36e0475abdd1fca35c091efbe,0x0000000000000000000000000000000000000000000000003cd82e7e84084e31,"0xccad973dcd043c7d680389db4378bd6b9775db7124092e9e0422c9e46d7985dc,0x000000000000000000000000c7029ed9eba97a096e72607f4340c34049c7af48"
7,0xd2aa82299985516921b259393d387d7a23698bcdb565d51cba2ea87298420186,1,0x6b855d4ca375a859bb00ee9a70b0e51bcefac0b075e5855a39bc9e361005af89,6000002,0xc7029ed9eba97a096e72607f4340c34049c7af48,0x0000000000000000000000003e02d9233e9d6f1fc9c5fd247673526e1aea56b30000000000000000000000000000000000000000000000004b1d9174e220b1e70000000000000000000000000000000000000000000000000280fc50b2344a320000000000000000000000000000000000000000000000003cd82e7e84084e31000000000000000000000000002cd76fe0884e382466eb5528e6ca1e2f9ac653,0xa0e5739b8aab1e9b0469db4a982bc2211bdf4b0ed8b8aebe2e0d89d10057657d
37,0x1b34b369260945025ae8980001f31aadfaca0227f20a8c978cf78de4e022b0fd,55,0xbe847be2bceb74e660daf96b3f0669d58f59dc9101715689a00ef864a5408f43,6000000,0x2a0c0dbecc7e4d658f48e01e3fa353f44050c208,0x0000000000000000000000000000000000000000000000000000000000000000000000000000000000000000b2d5ff4554828b1bbf48f37e673483c285eeade200000000000000000000000000000000000000000000000015621152442ced7d0000000000000000000000000000000000000000000000000000000000000000,0xf341246adaac6f497bc2a656f546ab9e182111d630394f0c57c710a59a2cb567
8,0xe331008800ec7af98c66dcba34c75bb0e82a95b46c712c18e05c9d5d05db8abf,2,0x6b855d4ca375a859bb00ee9a70b0e51bcefac0b075e5855a39bc9e361005af89,6000002,0xb3775fb83f7d12a36e0475abdd1fca35c091efbe,0x0000000000000000000000000000000000000000000000003cd82e7e84084e3100000000000000000000000000000000000000000000000d5c2b9cffc759adf5,"0x022c0d992e4d873a3748436d960d5140c1f9721cf73f7ca5ec679d3d9f4fe2d5,0x000000000000000000000000c7029ed9eba97a096e72607f4340c34049c7af48,0x000000000000000000000000864a6ef07b52b71d487ab910dab2f6ace6db40d0"
9,0xe331008800ec7af98c66dcba34c75bb0e82a95b46c712c18e05c9d5d05db8abf,2,0x6b855d4ca375a859bb00ee9a70b0e51bcefac0b075e5855a39bc9e361005af89,6000002,0xb3775fb83f7d12a36e0475abdd1fca35c091efbe,0x00000000000000000000000000000000000000000000000d5c2b9cffc759adf50000000000000000000000000000000000000000000000003148b215bbed1e7c,"0xc4823739c5787d2ca17e404aa47d5569ae71dfb49cbf21b3f6152ed238a31139,0x000000000000000000000000c7029ed9eba97a096e72607f4340c34049c7af48"
38,0xb9af2fe9bcbec66b884f74a306ee3ea3f777700688fb9561b9639c36dabc343c,57,0xbe847be2bceb74e660daf96b3f0669d58f59dc9101715689a00ef864a5408f43,6000000,0x2a0c0dbecc7e4d658f48e01e3fa353f44050c208,0x0000000000000000000000000000000000000000000000000000000000000000000000000000000000000000e37326866418b5d70d71ab15a79da18e527b8d600000000000000000000000000000000000000000000000000417f143592153400000000000000000000000000000000000000000000000000000000000000000,0xf341246adaac6f497bc2a656f546ab9e182111d630394f0c57c710a59a2cb567
10,0xe331008800ec7af98c66dcba34c75bb0e82a95b46c712c18e05c9d5d05db8abf,2,0x6b855d4ca375a859bb00ee9a70b0e51bcefac0b075e5855a39bc9e361005af89,6000002,0xb3775fb83f7d12a36e0475abdd1fca35c091efbe,0x0000000000000000000000000000000000000000000000003148db002b92f4e9,"0xccad973dcd043c7d680389db4378bd6b9775db7124092e9e0422c9e46d7985dc,0x000000000000000000000000c7029ed9eba97a096e72607f4340c34049c7af48"
11,0xe331008800ec7af98c66dcba34c75bb0e82a95b46c712c18e05c9d5d05db8abf,2,0x6b855d4ca375a859bb00ee9a70b0e51bcefac0b075e5855a39bc9e361005af89,6000002,0xc7029ed9eba97a096e72607f4340c34049c7af48,0x000000000000000000000000864a6ef07b52b71d487ab910dab2f6ace6db40d00000000000000000000000000000000000000000000000003cd82e7e84084e31000000000000000000000000000000000000000000000000020734bff3559c340000000000000000000000000000000000000000000000003148db002b92f4e9000000000000000000000000002cd76fe0884e44c39388256f5f458714614653,0xa0e5739b8aab1e9b0469db4a982bc2211bdf4b0ed8b8aebe2e0d89d10057657d
